number#!CANID, number#!PDODescription, number#!DLC, number#!State, number#!State2, number#!State3, number#!State4, number#!State5, number#!State6, number#!State7 
1574,16776693,1,0,0,0,0,0,0,0
1894,16776693,0,0,0,0,0,0,0,0
1638,16776692,FF,0,0,0,0,0,0,0
1574,16776691,1,0,0,0,0,0,0,0
1894,16776691,0,0,0,0,0,0,0,0
1574,16776690,1,0,0,0,0,0,0,0
1894,16776690,0,0,0,0,0,0,0,0
1574,16776689,1,0,0,0,0,0,0,0
1894,16776689,0,0,0,0,0,0,0,0
1574,16776688,1,0,0,0,0,0,0,0
1574,16776570,1,0,0,0,0,0,0,0
1894,16776569,0,0,0,0,0,0,0,0
