CAN_ID,Timestamp,bit1,bit2,bit3,bit4,bit5,bit6,bit7,bit8
1574,16776693,1,0,0,0,0,0,0,0
1894,16776693,0,0,0,0,0,0,0,0
1638,16776692,FF,0,0,0,0,0,0,0
1574,16776691,1,0,0,0,0,0,0,0
1894,16776691,0,0,0,0,0,0,0,0
1574,16776690,1,0,0,0,0,0,0,0
1894,16776690,0,0,0,0,0,0,0,0
1574,16776689,1,0,0,0,0,0,0,0
1894,16776689,0,0,0,0,0,0,0,0
1574,16776688,1,0,0,0,0,0,0,0
1638,16776688,FF,0,0,0,0,0,0,0
1894,16776687,0,0,0,0,0,0,0,0
1574,16776687,1,0,0,0,0,0,0,0
1894,16776686,0,0,0,0,0,0,0,0
1574,16776686,1,0,0,0,0,0,0,0
1894,16776685,0,0,0,0,0,0,0,0
1574,16776684,1,0,0,0,0,0,0,0
1894,16776684,0,0,0,0,0,0,0,0
1638,16776684,FF,0,0,0,0,0,0,0
1574,16776683,1,0,0,0,0,0,0,0
1894,16776683,0,0,0,0,0,0,0,0
1574,16776682,1,0,0,0,0,0,0,0
1894,16776682,0,0,0,0,0,0,0,0
1574,16776681,1,0,0,0,0,0,0,0
1894,16776681,0,0,0,0,0,0,0,0
1638,16776680,FF,0,0,0,0,0,0,0
1574,16776680,1,0,0,0,0,0,0,0
1894,16776679,0,0,0,0,0,0,0,0
1574,16776679,1,0,0,0,0,0,0,0
1894,16776678,0,0,0,0,0,0,0,0
512,16776678,0,0,0,0,0,0,0,0
513,16776677,0,0,0,0,0,0,0,0
512,16776677,0,0,0,0,0,0,0,0
513,16776677,0,0,0,0,0,0,0,0
512,16776677,0,0,0,0,0,0,0,0
1574,16776676,1,0,0,0,0,0,0,0
1894,16776676,0,0,0,0,0,0,0,0
1574,16776676,1,0,0,0,0,0,0,0
1894,16776676,0,0,0,0,0,0,0,0
1638,16776675,FF,0,0,0,0,0,0,0
1574,16776675,1,0,0,0,0,0,0,0
1894,16776674,0,0,0,0,0,0,0,0
1574,16776674,1,0,0,0,0,0,0,0
1894,16776673,0,0,0,0,0,0,0,0
1574,16776672,1,0,0,0,0,0,0,0
1894,16776672,0,0,0,0,0,0,0,0
1638,16776672,FF,0,0,0,0,0,0,0
1574,16776671,1,0,0,0,0,0,0,0
1894,16776671,0,0,0,0,0,0,0,0
1574,16776670,1,0,0,0,0,0,0,0
1894,16776670,0,0,0,0,0,0,0,0
1574,16776669,1,0,0,0,0,0,0,0
1894,16776669,0,0,0,0,0,0,0,0
1830,16776668,5,0,0,0,0,0,0,0
1638,16776668,FF,0,0,0,0,0,0,0
1574,16776667,1,0,0,0,0,0,0,0
1894,16776667,0,0,0,0,0,0,0,0
1574,16776666,1,0,0,0,0,0,0,0
1894,16776666,0,0,0,0,0,0,0,0
1574,16776665,1,0,0,0,0,0,0,0
1894,16776665,0,0,0,0,0,0,0,0
1574,16776664,1,0,0,0,0,0,0,0
1894,16776664,0,0,0,0,0,0,0,0
1638,16776664,FF,0,0,0,0,0,0,0
1574,16776663,1,0,0,0,0,0,0,0
1894,16776663,0,0,0,0,0,0,0,0
1574,16776662,1,0,0,0,0,0,0,0
1894,16776661,0,0,0,0,0,0,0,0
1574,16776661,1,0,0,0,0,0,0,0
1894,16776660,0,0,0,0,0,0,0,0
166,16776660,0,10,1,0,0,30,0,0
1638,16776659,FF,0,0,0,0,0,0,0
1574,16776659,1,0,0,0,0,0,0,0
1894,16776659,0,0,0,0,0,0,0,0
1574,16776658,1,0,0,0,0,0,0,0
1894,16776658,0,0,0,0,0,0,0,0
1574,16776657,1,0,0,0,0,0,0,0
1894,16776657,0,0,0,0,0,0,0,0
1638,16776656,FF,0,0,0,0,0,0,0
1574,16776655,1,0,0,0,0,0,0,0
1894,16776655,0,0,0,0,0,0,0,0
1574,16776654,1,0,0,0,0,0,0,0
1894,16776654,0,0,0,0,0,0,0,0
1574,16776653,1,0,0,0,0,0,0,0
1894,16776653,0,0,0,0,0,0,0,0
1574,16776652,1,0,0,0,0,0,0,0
1894,16776652,0,0,0,0,0,0,0,0
1638,16776651,FF,0,0,0,0,0,0,0
1574,16776651,1,0,0,0,0,0,0,0
1894,16776651,0,0,0,0,0,0,0,0
1574,16776650,1,0,0,0,0,0,0,0
1894,16776650,0,0,0,0,0,0,0,0
1574,16776649,1,0,0,0,0,0,0,0
1894,16776648,0,0,0,0,0,0,0,0
1638,16776648,FF,0,0,0,0,0,0,0
1574,16776647,1,0,0,0,0,0,0,0
1894,16776647,0,0,0,0,0,0,0,0
1574,16776646,1,0,0,0,0,0,0,0
1894,16776646,0,0,0,0,0,0,0,0
1574,16776645,1,0,0,0,0,0,0,0
1894,16776645,0,0,0,0,0,0,0,0
1574,16776644,1,0,0,0,0,0,0,0
1894,16776644,0,0,0,0,0,0,0,0
1638,16776643,FF,0,0,0,0,0,0,0
1574,16776643,1,0,0,0,0,0,0,0
1894,16776642,0,0,0,0,0,0,0,0
1574,16776641,1,0,0,0,0,0,0,0
1894,16776641,0,0,0,0,0,0,0,0
1574,16776640,1,0,0,0,0,0,0,0
1894,16776640,0,0,0,0,0,0,0,0
1638,16776639,FF,0,0,0,0,0,0,0
1574,16776639,1,0,0,0,0,0,0,0
1894,16776639,0,0,0,0,0,0,0,0
1574,16776638,1,0,0,0,0,0,0,0
1894,16776638,0,0,0,0,0,0,0,0
1574,16776637,1,0,0,0,0,0,0,0
1894,16776636,0,0,0,0,0,0,0,0
1638,16776635,FF,0,0,0,0,0,0,0
1574,16776635,1,0,0,0,0,0,0,0
1894,16776635,0,0,0,0,0,0,0,0
1574,16776634,1,0,0,0,0,0,0,0
1894,16776634,0,0,0,0,0,0,0,0
1574,16776633,1,0,0,0,0,0,0,0
1894,16776633,0,0,0,0,0,0,0,0
1574,16776632,1,0,0,0,0,0,0,0
1894,16776632,0,0,0,0,0,0,0,0
1382,16776631,0,4D,0,1,0,0,0,0
1126,16776631,0,0,0,0,0,0,0,0
1638,16776631,FF,0,0,0,0,0,0,0
1574,16776631,1,0,0,0,0,0,0,0
1894,16776630,0,0,0,0,0,0,0,0
1574,16776629,1,0,0,0,0,0,0,0
1894,16776629,0,0,0,0,0,0,0,0
1574,16776628,1,0,0,0,0,0,0,0
1894,16776628,0,0,0,0,0,0,0,0
1638,16776627,FF,0,0,0,0,0,0,0
1574,16776627,1,0,0,0,0,0,0,0
1894,16776627,0,0,0,0,0,0,0,0
1574,16776626,1,0,0,0,0,0,0,0
1894,16776626,0,0,0,0,0,0,0,0
1574,16776625,1,0,0,0,0,0,0,0
1894,16776624,0,0,0,0,0,0,0,0
1574,16776624,1,0,0,0,0,0,0,0
1638,16776623,FF,0,0,0,0,0,0,0
1894,16776623,0,0,0,0,0,0,0,0
1574,16776622,1,0,0,0,0,0,0,0
1894,16776622,0,0,0,0,0,0,0,0
1574,16776621,1,0,0,0,0,0,0,0
1894,16776621,0,0,0,0,0,0,0,0
1574,16776620,1,0,0,0,0,0,0,0
1894,16776620,0,0,0,0,0,0,0,0
1638,16776619,FF,0,0,0,0,0,0,0
1574,16776619,1,0,0,0,0,0,0,0
1894,16776619,0,0,0,0,0,0,0,0
1574,16776618,1,0,0,0,0,0,0,0
1894,16776617,0,0,0,0,0,0,0,0
1574,16776617,1,0,0,0,0,0,0,0
1894,16776616,0,0,0,0,0,0,0,0
1638,16776615,FF,0,0,0,0,0,0,0
1574,16776615,1,0,0,0,0,0,0,0
1894,16776615,0,0,0,0,0,0,0,0
1574,16776614,1,0,0,0,0,0,0,0
1894,16776614,0,0,0,0,0,0,0,0
1574,16776613,1,0,0,0,0,0,0,0
1894,16776612,0,0,0,0,0,0,0,0
1574,16776612,1,0,0,0,0,0,0,0
1894,16776611,0,0,0,0,0,0,0,0
1638,16776611,FF,0,0,0,0,0,0,0
1574,16776610,1,0,0,0,0,0,0,0
1894,16776610,0,0,0,0,0,0,0,0
1574,16776609,1,0,0,0,0,0,0,0
1894,16776609,0,0,0,0,0,0,0,0
1574,16776608,1,0,0,0,0,0,0,0
1894,16776608,0,0,0,0,0,0,0,0
1638,16776607,FF,0,0,0,0,0,0,0
1574,16776607,1,0,0,0,0,0,0,0
1894,16776607,0,0,0,0,0,0,0,0
1574,16776606,1,0,0,0,0,0,0,0
1894,16776605,0,0,0,0,0,0,0,0
1574,16776605,1,0,0,0,0,0,0,0
1894,16776604,0,0,0,0,0,0,0,0
1638,16776603,FF,0,0,0,0,0,0,0
1574,16776603,1,0,0,0,0,0,0,0
1894,16776603,0,0,0,0,0,0,0,0
1574,16776602,1,0,0,0,0,0,0,0
1894,16776602,0,0,0,0,0,0,0,0
1574,16776601,1,0,0,0,0,0,0,0
1894,16776601,0,0,0,0,0,0,0,0
1574,16776600,1,0,0,0,0,0,0,0
1894,16776600,0,0,0,0,0,0,0,0
1638,16776599,FF,0,0,0,0,0,0,0
1574,16776599,1,0,0,0,0,0,0,0
1894,16776598,0,0,0,0,0,0,0,0
1574,16776597,1,0,0,0,0,0,0,0
1894,16776597,0,0,0,0,0,0,0,0
1574,16776596,1,0,0,0,0,0,0,0
1894,16776596,0,0,0,0,0,0,0,0
1638,16776595,FF,0,0,0,0,0,0,0
1574,16776595,1,0,0,0,0,0,0,0
1894,16776595,0,0,0,0,0,0,0,0
1574,16776594,1,0,0,0,0,0,0,0
1894,16776593,0,0,0,0,0,0,0,0
1574,16776593,1,0,0,0,0,0,0,0
1894,16776592,0,0,0,0,0,0,0,0
1574,16776591,1,0,0,0,0,0,0,0
1638,16776591,FF,0,0,0,0,0,0,0
1894,16776591,0,0,0,0,0,0,0,0
1574,16776590,1,0,0,0,0,0,0,0
1894,16776590,0,0,0,0,0,0,0,0
1574,16776589,1,0,0,0,0,0,0,0
1894,16776589,0,0,0,0,0,0,0,0
1574,16776588,1,0,0,0,0,0,0,0
1894,16776588,0,0,0,0,0,0,0,0
1638,16776587,FF,0,0,0,0,0,0,0
1574,16776587,1,0,0,0,0,0,0,0
1894,16776586,0,0,0,0,0,0,0,0
1574,16776585,1,0,0,0,0,0,0,0
1894,16776585,0,0,0,0,0,0,0,0
1574,16776584,1,0,0,0,0,0,0,0
1894,16776584,0,0,0,0,0,0,0,0
1638,16776583,FF,0,0,0,0,0,0,0
1574,16776583,1,0,0,0,0,0,0,0
1894,16776583,0,0,0,0,0,0,0,0
1574,16776582,1,0,0,0,0,0,0,0
1894,16776581,0,0,0,0,0,0,0,0
1574,16776581,1,0,0,0,0,0,0,0
1894,16776580,0,0,0,0,0,0,0,0
1574,16776579,1,0,0,0,0,0,0,0
1894,16776579,0,0,0,0,0,0,0,0
1638,16776579,FF,0,0,0,0,0,0,0
1574,16776578,1,0,0,0,0,0,0,0
1894,16776578,0,0,0,0,0,0,0,0
512,16776578,0,0,0,0,0,0,0,0
513,16776577,0,0,0,0,0,0,0,0
512,16776577,0,0,0,0,0,0,0,0
513,16776577,0,0,0,0,0,0,0,0
512,16776577,0,0,0,0,0,0,0,0
1574,16776576,1,0,0,0,0,0,0,0
1894,16776576,0,0,0,0,0,0,0,0
1574,16776576,1,0,0,0,0,0,0,0
1894,16776575,0,0,0,0,0,0,0,0
1638,16776575,FF,0,0,0,0,0,0,0
1574,16776574,1,0,0,0,0,0,0,0
1894,16776574,0,0,0,0,0,0,0,0
1574,16776573,1,0,0,0,0,0,0,0
1894,16776573,0,0,0,0,0,0,0,0
1574,16776572,1,0,0,0,0,0,0,0
1894,16776572,0,0,0,0,0,0,0,0
1638,16776571,FF,0,0,0,0,0,0,0
1574,16776571,1,0,0,0,0,0,0,0
1894,16776571,0,0,0,0,0,0,0,0
1574,16776570,1,0,0,0,0,0,0,0
1894,16776569,0,0,0,0,0,0,0,0
1574,16776568,1,0,0,0,0,0,0,0
1894,16776568,0,0,0,0,0,0,0,0
1830,16776567,5,0,0,0,0,0,0,0
1574,16776567,1,0,0,0,0,0,0,0
1638,16776567,FF,0,0,0,0,0,0,0
1894,16776567,0,0,0,0,0,0,0,0
1574,16776566,1,0,0,0,0,0,0,0
1894,16776566,0,0,0,0,0,0,0,0
1574,16776565,1,0,0,0,0,0,0,0
1894,16776565,0,0,0,0,0,0,0,0
1574,16776564,1,0,0,0,0,0,0,0
1894,16776563,0,0,0,0,0,0,0,0
1638,16776563,FF,0,0,0,0,0,0,0
1574,16776563,1,0,0,0,0,0,0,0
1894,16776562,0,0,0,0,0,0,0,0
1574,16776561,1,0,0,0,0,0,0,0
1894,16776561,0,0,0,0,0,0,0,0
1574,16776560,1,0,0,0,0,0,0,0
1894,16776560,0,0,0,0,0,0,0,0
1638,16776559,FF,0,0,0,0,0,0,0
1574,16776559,1,0,0,0,0,0,0,0
1894,16776559,0,0,0,0,0,0,0,0
1574,16776558,1,0,0,0,0,0,0,0
1894,16776558,0,0,0,0,0,0,0,0
1574,16776557,1,0,0,0,0,0,0,0
1894,16776556,0,0,0,0,0,0,0,0
1574,16776556,1,0,0,0,0,0,0,0
1894,16776555,0,0,0,0,0,0,0,0
1638,16776555,FF,0,0,0,0,0,0,0
1574,16776554,1,0,0,0,0,0,0,0
1894,16776554,0,0,0,0,0,0,0,0
1574,16776553,1,0,0,0,0,0,0,0
1894,16776553,0,0,0,0,0,0,0,0
1574,16776552,1,0,0,0,0,0,0,0
1894,16776552,0,0,0,0,0,0,0,0
1638,16776551,FF,0,0,0,0,0,0,0
1574,16776551,1,0,0,0,0,0,0,0
1894,16776550,0,0,0,0,0,0,0,0
1574,16776550,1,0,0,0,0,0,0,0
1894,16776549,0,0,0,0,0,0,0,0
1574,16776548,1,0,0,0,0,0,0,0
1894,16776548,0,0,0,0,0,0,0,0
1574,16776547,1,0,0,0,0,0,0,0
1894,16776547,0,0,0,0,0,0,0,0
1638,16776547,FF,0,0,0,0,0,0,0
1574,16776546,1,0,0,0,0,0,0,0
1894,16776546,0,0,0,0,0,0,0,0
1574,16776545,1,0,0,0,0,0,0,0
1894,16776545,0,0,0,0,0,0,0,0
1574,16776544,1,0,0,0,0,0,0,0
1894,16776543,0,0,0,0,0,0,0,0
1638,16776543,FF,0,0,0,0,0,0,0
1574,16776542,1,0,0,0,0,0,0,0
1894,16776542,0,0,0,0,0,0,0,0
1574,16776541,1,0,0,0,0,0,0,0
1894,16776541,0,0,0,0,0,0,0,0
1574,16776540,1,0,0,0,0,0,0,0
1894,16776540,0,0,0,0,0,0,0,0
1638,16776539,FF,0,0,0,0,0,0,0
1574,16776539,1,0,0,0,0,0,0,0
1894,16776539,0,0,0,0,0,0,0,0
1574,16776538,1,0,0,0,0,0,0,0
1894,16776538,0,0,0,0,0,0,0,0
1574,16776537,1,0,0,0,0,0,0,0
1894,16776536,0,0,0,0,0,0,0,0
1574,16776535,1,0,0,0,0,0,0,0
1894,16776535,0,0,0,0,0,0,0,0
1638,16776535,FF,0,0,0,0,0,0,0
1574,16776534,1,0,0,0,0,0,0,0
1894,16776534,0,0,0,0,0,0,0,0
1574,16776533,1,0,0,0,0,0,0,0
1894,16776533,0,0,0,0,0,0,0,0
1574,16776532,1,0,0,0,0,0,0,0
1894,16776532,0,0,0,0,0,0,0,0
1638,16776531,FF,0,0,0,0,0,0,0
1574,16776531,1,0,0,0,0,0,0,0
1894,16776530,0,0,0,0,0,0,0,0
1574,16776529,1,0,0,0,0,0,0,0
1894,16776529,0,0,0,0,0,0,0,0
1574,16776528,1,0,0,0,0,0,0,0
1894,16776528,0,0,0,0,0,0,0,0
1574,16776527,1,0,0,0,0,0,0,0
1638,16776527,FF,0,0,0,0,0,0,0
1894,16776527,0,0,0,0,0,0,0,0
1574,16776526,1,0,0,0,0,0,0,0
1894,16776526,0,0,0,0,0,0,0,0
1574,16776525,1,0,0,0,0,0,0,0
1894,16776524,0,0,0,0,0,0,0,0
1574,16776524,1,0,0,0,0,0,0,0
1894,16776523,0,0,0,0,0,0,0,0
1638,16776523,FF,0,0,0,0,0,0,0
1574,16776522,1,0,22,0,0,0,0,34
1894,16776522,0,0,0,0,0,0,0,0
1574,16776521,1,0,0,0,0,0,0,0
1894,16776521,0,0,0,0,0,0,0,0
1574,16776520,1,0,0,0,0,0,0,0
1894,16776520,0,0,0,0,0,0,0,0
1638,16776519,FF,0,0,0,0,0,0,0
1574,16776519,1,0,0,0,0,0,0,0
1894,16776518,0,0,0,0,0,0,0,0
1574,16776517,1,0,0,0,0,0,0,0
1894,16776517,0,0,0,0,0,0,0,0
1574,16776516,1,0,0,0,0,0,0,0
1894,16776516,0,0,0,0,0,0,0,0
1574,16776515,1,0,0,0,0,0,0,0
1894,16776515,0,0,0,0,0,0,0,0
1638,16776515,FF,0,0,0,0,0,0,0
1574,16776514,1,0,0,0,0,0,0,0
1894,16776514,0,0,0,0,0,0,0,0
1574,16776513,1,0,0,0,0,0,0,0
1894,16776512,0,0,0,0,0,0,0,0
1574,16776512,1,0,0,0,0,0,0,0
1894,16776511,0,0,0,0,0,0,0,0
1382,16776511,0,4D,0,0,0,17,0,0
1126,16776511,0,0,0,0,0,0,0,0
1638,16776510,FF,0,0,0,0,0,0,0
1574,16776510,1,0,0,0,0,0,0,0
1894,16776510,0,0,0,0,0,0,0,0
1574,16776509,1,0,0,0,0,0,0,0
1894,16776509,0,0,0,0,0,0,0,0
1574,16776508,1,0,0,0,0,0,0,0
1894,16776508,0,0,0,0,0,0,0,0
1638,16776507,FF,0,0,0,0,0,0,0
1574,16776507,1,0,0,0,0,0,0,0
1894,16776506,0,0,0,0,0,0,0,0
1574,16776506,1,0,0,0,0,0,0,0
1894,16776505,0,0,0,0,0,0,0,0
1574,16776504,1,0,0,0,0,0,0,0
1894,16776504,0,0,0,0,0,0,0,0
1574,16776503,1,0,0,0,0,0,0,0
1894,16776503,0,0,0,0,0,0,0,0
1638,16776503,FF,0,0,0,0,0,0,0
1574,16776502,1,0,0,0,0,0,0,0
1894,16776502,0,0,0,0,0,0,0,0
1574,16776501,1,0,0,0,0,0,0,0
1894,16776501,0,0,0,0,0,0,0,0
1574,16776500,1,0,0,0,0,0,0,0
1894,16776499,0,0,0,0,0,0,0,0
1638,16776499,FF,0,0,0,0,0,0,0
1574,16776498,1,0,0,0,0,0,0,0
1894,16776498,0,0,0,0,0,0,0,0
1574,16776497,1,0,0,0,0,0,0,0
1894,16776497,0,0,0,0,0,0,0,0
1574,16776496,1,0,0,0,0,0,0,0
1894,16776496,0,0,0,0,0,0,0,0
1574,16776495,1,0,0,0,0,0,0,0
1894,16776495,0,0,0,0,0,0,0,0
1638,16776495,FF,0,0,0,0,0,0,0
1574,16776494,1,0,0,0,0,0,0,0
1894,16776494,0,0,0,0,0,0,0,0
1574,16776493,1,0,0,0,0,0,0,0
1894,16776492,0,0,0,0,0,0,0,0
1574,16776492,1,0,0,0,0,0,0,0
1894,16776491,0,0,0,0,0,0,0,0
1638,16776491,FF,0,0,0,0,0,0,0
1574,16776490,1,0,0,0,0,0,0,0
1894,16776490,0,0,0,0,0,0,0,0
1574,16776489,1,0,0,0,0,0,0,0
1894,16776489,0,0,0,0,0,0,0,0
1574,16776488,1,0,0,0,0,0,0,0
1894,16776488,0,0,0,0,0,0,0,0
1574,16776487,1,0,0,0,0,0,0,0
1638,16776487,FF,0,0,0,0,0,0,0
1894,16776486,0,0,0,0,0,0,0,0
1574,16776486,1,0,0,0,0,0,0,0
1894,16776485,0,0,0,0,0,0,0,0
1574,16776484,1,0,0,0,0,0,0,0
1894,16776484,0,0,0,0,0,0,0,0
1574,16776483,1,0,0,0,0,0,0,0
1894,16776483,0,0,0,0,0,0,0,0
1638,16776483,FF,0,0,0,0,0,0,0
1574,16776482,1,0,0,0,0,0,0,0
1894,16776482,0,0,0,0,0,0,0,0
1574,16776481,1,0,0,0,0,0,0,0
1894,16776481,0,0,0,0,0,0,0,0
1574,16776480,1,0,0,0,0,0,0,0
1894,16776480,0,0,0,0,0,0,0,0
1638,16776479,FF,0,0,0,0,0,0,0
1574,16776478,1,0,0,0,0,0,0,0
1894,16776478,0,0,0,0,0,0,0,0
512,16776478,0,0,0,0,0,0,0,0
513,16776477,0,0,0,0,0,0,0,0
512,16776477,0,0,0,0,0,0,0,0
513,16776477,0,0,0,0,0,0,0,0
512,16776477,0,0,0,0,0,0,0,0
1574,16776477,1,0,0,0,0,0,0,0
1894,16776476,0,0,0,0,0,0,0,0
1574,16776476,1,0,0,0,0,0,0,0
1894,16776475,0,0,0,0,0,0,0,0
1638,16776475,FF,0,0,0,0,0,0,0
1574,16776474,1,0,0,0,0,0,0,0
1894,16776474,0,0,0,0,0,0,0,0
1574,16776473,1,0,0,0,0,0,0,0
1894,16776473,0,0,0,0,0,0,0,0
1574,16776472,1,0,0,0,0,0,0,0
1894,16776472,0,0,0,0,0,0,0,0
1574,16776471,1,0,0,0,0,0,0,0
1638,16776471,FF,0,0,0,0,0,0,0
1894,16776470,0,0,0,0,0,0,0,0
1574,16776470,1,0,0,0,0,0,0,0
1894,16776469,0,0,0,0,0,0,0,0
1574,16776468,1,0,0,0,0,0,0,0
1894,16776468,0,0,0,0,0,0,0,0
1574,16776467,1,0,0,0,0,0,0,0
1894,16776467,0,0,0,0,0,0,0,0
1830,16776467,5,0,0,0,0,0,0,0
1638,16776466,FF,0,0,0,0,0,0,0
1574,16776466,1,0,0,0,0,0,0,0
1894,16776466,0,0,0,0,0,0,0,0
1574,16776465,1,0,0,0,0,0,0,0
1894,16776465,0,0,0,0,0,0,0,0
1574,16776464,1,0,0,0,0,0,0,0
1894,16776463,0,0,0,0,0,0,0,0
1638,16776463,FF,0,0,0,0,0,0,0
1574,16776462,1,0,0,0,0,0,0,0
1894,16776462,0,0,0,0,0,0,0,0
1574,16776461,1,0,0,0,0,0,0,0
1894,16776461,0,0,0,0,0,0,0,0
1574,16776460,1,0,0,0,0,0,0,0
1894,16776460,0,0,0,0,0,0,0,0
1574,16776459,1,0,0,0,0,0,0,0
1894,16776459,0,0,0,0,0,0,0,0
1638,16776458,FF,0,0,0,0,0,0,0
1574,16776458,1,0,0,0,0,0,0,0
1894,16776457,0,0,0,0,0,0,0,0
1574,16776456,1,0,0,0,0,0,0,0
1894,16776456,0,0,0,0,0,0,0,0
1574,16776455,1,0,0,0,0,0,0,0
1894,16776455,0,0,0,0,0,0,0,0
1638,16776455,FF,0,0,0,0,0,0,0
1574,16776454,1,0,0,0,0,0,0,0
1894,16776454,0,0,0,0,0,0,0,0
1574,16776453,1,0,0,0,0,0,0,0
1894,16776453,0,0,0,0,0,0,0,0
1574,16776452,1,0,0,0,0,0,0,0
1894,16776451,0,0,0,0,0,0,0,0
1638,16776450,FF,0,0,0,0,0,0,0
1574,16776450,1,0,0,0,0,0,0,0
1894,16776450,0,0,0,0,0,0,0,0
1574,16776449,1,0,0,0,0,0,0,0
1894,16776449,0,0,0,0,0,0,0,0
1574,16776448,1,0,0,0,0,0,0,0
1894,16776448,0,0,0,0,0,0,0,0
1574,16776447,1,0,0,0,0,0,0,0
1894,16776447,0,0,0,0,0,0,0,0
1638,16776446,FF,0,0,0,0,0,0,0
1574,16776446,1,0,0,0,0,0,0,0
1894,16776446,0,0,0,0,0,0,0,0
1574,16776445,1,0,0,0,0,0,0,0
1894,16776444,0,0,0,0,0,0,0,0
1574,16776443,1,0,3,0,0,1,0,3
1894,16776443,0,0,0,0,0,0,0,0
1638,16776442,FF,0,0,0,0,0,0,0
1574,16776442,1,0,0,0,0,0,0,0
1894,16776442,0,0,0,0,0,0,0,0
1574,16776441,1,0,0,0,0,0,0,0
1894,16776441,0,0,0,0,0,0,0,0
1574,16776440,1,0,0,0,0,0,0,0
1894,16776440,0,0,0,0,0,0,0,0
1574,16776439,1,0,0,0,0,0,0,0
1894,16776439,0,0,0,0,0,0,0,0
1638,16776438,FF,0,0,0,0,0,0,0
1574,16776438,1,0,0,0,0,0,0,0
1894,16776437,0,0,0,0,0,0,0,0
1574,16776436,1,0,0,0,0,0,0,0
1894,16776436,0,0,0,0,0,0,0,0
1574,16776435,1,0,0,0,0,0,0,0
1894,16776435,0,0,0,0,0,0,0,0
1638,16776434,FF,0,0,0,0,0,0,0
1574,16776434,1,0,0,0,0,0,0,0
1894,16776434,0,0,0,0,0,0,0,0
1574,16776433,1,0,0,0,0,0,0,0
1894,16776432,0,0,0,0,0,0,0,0
1574,16776432,1,0,0,0,0,0,0,0
1894,16776431,0,0,0,0,0,0,0,0
1638,16776430,FF,0,0,0,0,0,0,0
1574,16776430,1,0,0,0,0,0,0,0
1894,16776430,0,0,0,0,0,0,0,0
1574,16776429,1,0,0,0,0,0,0,0
1894,16776429,0,0,0,0,0,0,0,0
1574,16776428,1,0,0,0,0,0,0,0
1894,16776428,0,0,0,0,0,0,0,0
1574,16776427,1,0,0,0,0,0,0,0
1894,16776427,0,0,0,0,0,0,0,0
1638,16776426,FF,0,0,0,0,0,0,0
1574,16776426,1,0,0,0,0,0,0,0
1894,16776425,0,0,0,0,0,0,0,0
1574,16776425,1,0,0,0,0,0,0,0
1894,16776424,0,0,0,0,0,0,0,0
1574,16776423,1,0,0,0,0,0,0,0
1894,16776423,0,0,0,0,0,0,0,0
1638,16776422,FF,0,0,0,0,0,0,0
1574,16776422,1,0,0,0,0,0,0,0
1894,16776422,0,0,0,0,0,0,0,0
1574,16776421,1,0,0,0,0,0,0,0
1894,16776421,0,0,0,0,0,0,0,0
1574,16776420,1,0,0,0,0,0,0,0
1894,16776419,0,0,0,0,0,0,0,0
1574,16776419,1,0,0,0,0,0,0,0
1894,16776418,0,0,0,0,0,0,0,0
1638,16776418,FF,0,0,0,0,0,0,0
1574,16776417,1,0,0,0,0,0,0,0
1894,16776417,0,0,0,0,0,0,0,0
1574,16776416,1,0,0,0,0,0,0,0
1894,16776416,0,0,0,0,0,0,0,0
1574,16776415,1,0,0,0,0,0,0,0
1894,16776415,0,0,0,0,0,0,0,0
1638,16776414,FF,0,0,0,0,0,0,0
1574,16776414,1,0,0,0,0,0,0,0
1894,16776414,0,0,0,0,0,0,0,0
1574,16776413,1,0,0,0,0,0,0,0
1894,16776412,0,0,0,0,0,0,0,0
1574,16776411,1,0,0,0,0,0,0,0
1894,16776411,0,0,0,0,0,0,0,0
1638,16776410,FF,0,0,0,0,0,0,0
1574,16776410,1,0,0,0,0,0,0,0
1894,16776410,0,0,0,0,0,0,0,0
1574,16776409,1,0,0,0,0,0,0,0
1894,16776409,0,0,0,0,0,0,0,0
1574,16776408,1,0,0,0,0,0,0,0
1894,16776408,0,0,0,0,0,0,0,0
1574,16776407,1,0,0,0,0,0,0,0
1894,16776407,0,0,0,0,0,0,0,0
1638,16776406,FF,0,0,0,0,0,0,0
1574,16776406,1,0,0,0,0,0,0,0
1894,16776405,0,0,0,0,0,0,0,0
1574,16776404,1,0,0,0,0,0,0,0
1894,16776404,0,0,0,0,0,0,0,0
1574,16776403,1,0,0,0,0,0,0,0
1894,16776403,0,0,0,0,0,0,0,0
1638,16776402,FF,0,0,0,0,0,0,0
1574,16776402,1,0,0,0,0,0,0,0
1894,16776402,0,0,0,0,0,0,0,0
1574,16776401,1,0,0,0,0,0,0,0
1894,16776400,0,0,0,0,0,0,0,0
1574,16776400,1,0,0,0,0,0,0,0
1894,16776399,0,0,0,0,0,0,0,0
1574,16776398,1,0,0,0,0,0,0,0
1638,16776398,FF,0,0,0,0,0,0,0
1894,16776398,0,0,0,0,0,0,0,0
1574,16776397,1,0,0,0,0,0,0,0
1894,16776397,0,0,0,0,0,0,0,0
1574,16776396,1,0,0,0,0,0,0,0
1894,16776396,0,0,0,0,0,0,0,0
1574,16776395,1,0,0,0,0,0,0,0
1894,16776395,0,0,0,0,0,0,0,0
1638,16776394,FF,0,0,0,0,0,0,0
1574,16776394,1,0,0,0,0,0,0,0
1894,16776393,0,0,0,0,0,0,0,0
1574,16776392,1,0,0,0,0,0,0,0
1894,16776392,0,0,0,0,0,0,0,0
1574,16776391,1,0,0,0,0,0,0,0
1894,16776391,0,0,0,0,0,0,0,0
1382,16776390,0,4D,0,0,0,42,0,0
1126,16776390,0,0,0,0,0,0,0,0
1574,16776390,1,0,0,0,0,0,0,0
1638,16776390,FF,0,0,0,0,0,0,0
1894,16776389,0,0,0,0,0,0,0,0
1574,16776389,1,0,0,0,0,0,0,0
1894,16776388,0,0,0,0,0,0,0,0
1574,16776387,1,0,0,0,0,0,0,0
1894,16776387,0,0,0,0,0,0,0,0
1574,16776386,1,0,0,0,0,0,0,0
1894,16776386,0,0,0,0,0,0,0,0
1638,16776386,FF,0,0,0,0,0,0,0
1574,16776385,1,0,0,0,0,0,0,0
1894,16776385,0,0,0,0,0,0,0,0
1574,16776384,1,0,0,0,0,0,0,0
1894,16776384,0,0,0,0,0,0,0,0
1574,16776383,1,0,0,0,0,0,0,0
1894,16776383,0,0,0,0,0,0,0,0
1638,16776382,FF,0,0,0,0,0,0,0
1574,16776382,1,0,0,0,0,0,0,0
1894,16776381,0,0,0,0,0,0,0,0
1574,16776380,1,0,0,0,0,0,0,0
1894,16776380,0,0,0,0,0,0,0,0
1574,16776379,1,0,0,0,0,0,0,0
1894,16776379,0,0,0,0,0,0,0,0
1638,16776378,FF,0,0,0,0,0,0,0
1574,16776378,1,0,0,0,0,0,0,0
512,16776378,0,0,0,0,0,0,0,0
513,16776377,0,0,0,0,0,0,0,0
512,16776377,0,0,0,0,0,0,0,0
513,16776377,0,0,0,0,0,0,0,0
512,16776377,0,0,0,0,0,0,0,0
1894,16776376,0,0,0,0,0,0,0,0
1574,16776376,1,0,0,0,0,0,0,0
1894,16776376,0,0,0,0,0,0,0,0
1574,16776375,1,0,0,0,0,0,0,0
1894,16776375,0,0,0,0,0,0,0,0
1638,16776374,FF,0,0,0,0,0,0,0
1574,16776374,1,0,0,0,0,0,0,0
1894,16776373,0,0,0,0,0,0,0,0
1574,16776373,1,0,0,0,0,0,0,0
1894,16776372,0,0,0,0,0,0,0,0
1574,16776371,1,0,0,0,0,0,0,0
1894,16776371,0,0,0,0,0,0,0,0
1574,16776370,1,0,0,0,0,0,0,0
1894,16776370,0,0,0,0,0,0,0,0
1638,16776370,FF,0,0,0,0,0,0,0
1574,16776369,1,0,0,0,0,0,0,0
1894,16776369,0,0,0,0,0,0,0,0
1574,16776368,1,0,0,0,0,0,0,0
1894,16776368,0,0,0,0,0,0,0,0
1574,16776367,1,0,0,0,0,0,0,0
1894,16776366,0,0,0,0,0,0,0,0
1830,16776366,5,0,0,0,0,0,0,0
1638,16776366,FF,0,0,0,0,0,0,0
1574,16776365,1,0,0,0,0,0,0,0
1894,16776365,0,0,0,0,0,0,0,0
1574,16776364,1,0,0,0,0,0,0,0
1894,16776364,0,0,0,0,0,0,0,0
1574,16776363,1,0,0,0,0,0,0,0
1894,16776363,0,0,0,0,0,0,0,0
1638,16776362,FF,0,0,0,0,0,0,0
1574,16776362,1,0,0,0,0,0,0,0
1894,16776362,0,0,0,0,0,0,0,0
1574,16776361,1,0,0,0,0,0,0,0
1894,16776361,0,0,0,0,0,0,0,0
1574,16776360,1,0,0,0,0,0,0,0
1894,16776359,0,0,0,0,0,0,0,0
1574,16776358,1,0,0,0,0,0,0,0
1894,16776358,0,0,0,0,0,0,0,0
1638,16776358,FF,0,0,0,0,0,0,0
1574,16776357,1,0,0,0,0,0,0,0
1894,16776357,0,0,0,0,0,0,0,0
1574,16776356,1,0,0,0,0,0,0,0
1894,16776356,0,0,0,0,0,0,0,0
392,16776355,FE,A0,40,1,0,0,0,0
904,16776355,F,C3,10,23,0,1,C0,E3
1574,16776355,1,0,0,0,0,0,0,0
1894,16776355,0,0,0,0,0,0,0,0
1160,16776354,34,33,33,33,33,35,5,35
1638,16776354,FF,0,0,0,0,0,0,0
1574,16776354,1,0,0,0,0,0,0,0
1894,16776353,0,0,0,0,0,0,0,0
1574,16776352,1,0,0,0,0,0,0,0
1894,16776352,0,0,0,0,0,0,0,0
1574,16776351,1,0,0,0,0,0,0,0
1894,16776351,0,0,0,0,0,0,0,0
1638,16776350,FF,0,0,0,0,0,0,0
1574,16776350,1,0,0,0,0,0,0,0
1894,16776350,0,0,0,0,0,0,0,0
3,16776349,1,0,3,0,0,1,0,3
1574,16776349,1,0,0,0,0,0,0,0
1894,16776349,0,0,0,0,0,0,0,0
1574,16776348,1,0,0,0,0,0,0,0
1894,16776347,0,0,0,0,0,0,0,0
1574,16776346,1,0,0,0,0,0,0,0
1894,16776346,0,0,0,0,0,0,0,0
1638,16776346,FF,0,0,0,0,0,0,0
1574,16776345,1,0,0,0,0,0,0,0
1894,16776345,0,0,0,0,0,0,0,0
1574,16776344,1,0,0,0,0,0,0,0
1894,16776344,0,0,0,0,0,0,0,0
1574,16776343,1,0,0,0,0,0,0,0
1894,16776343,0,0,0,0,0,0,0,0
1638,16776342,FF,0,0,0,0,0,0,0
1574,16776342,1,0,0,0,0,0,0,0
1894,16776341,0,0,0,0,0,0,0,0
1574,16776340,1,0,0,0,0,0,0,0
1894,16776340,0,0,0,0,0,0,0,0
1574,16776339,1,0,0,0,0,0,0,0
1894,16776339,0,0,0,0,0,0,0,0
1574,16776338,1,0,0,0,0,0,0,0
1894,16776338,0,0,0,0,0,0,0,0
1638,16776338,FF,0,0,0,0,0,0,0
1574,16776337,1,0,0,0,0,0,0,0
1894,16776337,0,0,0,0,0,0,0,0
1574,16776336,1,0,0,0,0,0,0,0
1894,16776335,0,0,0,0,0,0,0,0
1574,16776335,1,0,0,0,0,0,0,0
1894,16776334,0,0,0,0,0,0,0,0
1638,16776334,FF,0,0,0,0,0,0,0
1574,16776333,1,0,0,0,0,0,0,0
1894,16776333,0,0,0,0,0,0,0,0
1574,16776332,1,0,0,0,0,0,0,0
1894,16776332,0,0,0,0,0,0,0,0
1574,16776331,1,0,0,0,0,0,0,0
1894,16776331,0,0,0,0,0,0,0,0
1574,16776330,1,0,0,0,0,0,0,0
1638,16776330,FF,0,0,0,0,0,0,0
1894,16776329,0,0,0,0,0,0,0,0
1574,16776329,1,0,0,0,0,0,0,0
1894,16776328,0,0,0,0,0,0,0,0
1574,16776328,1,0,0,0,0,0,0,0
1894,16776327,0,0,0,0,0,0,0,0
1574,16776326,1,0,0,0,0,0,0,0
1894,16776326,0,0,0,0,0,0,0,0
1638,16776326,FF,0,0,0,0,0,0,0
1574,16776325,1,0,0,0,0,0,0,0
1894,16776325,0,0,0,0,0,0,0,0
1574,16776324,1,0,0,0,0,0,0,0
1894,16776324,0,0,0,0,0,0,0,0
1574,16776323,1,0,0,0,0,0,0,0
1894,16776323,0,0,0,0,0,0,0,0
1638,16776322,FF,0,0,0,0,0,0,0
1574,16776321,1,0,0,0,0,0,0,0
1894,16776321,0,0,0,0,0,0,0,0
1574,16776320,1,0,0,0,0,0,0,0
1894,16776320,0,0,0,0,0,0,0,0
1574,16776319,1,0,0,0,0,0,0,0
1894,16776319,0,0,0,0,0,0,0,0
1574,16776318,1,0,0,0,0,0,0,0
1638,16776318,FF,0,0,0,0,0,0,0
1894,16776317,0,0,0,0,0,0,0,0
1574,16776317,1,0,0,0,0,0,0,0
1894,16776316,0,0,0,0,0,0,0,0
1574,16776316,1,0,0,0,0,0,0,0
1894,16776315,0,0,0,0,0,0,0,0
1574,16776314,1,0,0,0,0,0,0,0
1894,16776314,0,0,0,0,0,0,0,0
1638,16776314,FF,0,0,0,0,0,0,0
1574,16776313,1,0,0,0,0,0,0,0
1894,16776313,0,0,0,0,0,0,0,0
1574,16776312,1,0,0,0,0,0,0,0
1894,16776312,0,0,0,0,0,0,0,0
1574,16776311,1,0,0,0,0,0,0,0
1894,16776311,0,0,0,0,0,0,0,0
1638,16776310,FF,0,0,0,0,0,0,0
1574,16776309,1,0,0,0,0,0,0,0
1894,16776309,0,0,0,0,0,0,0,0
1574,16776308,1,0,0,0,0,0,0,0
1894,16776308,0,0,0,0,0,0,0,0
1574,16776307,1,0,0,0,0,0,0,0
1894,16776307,0,0,0,0,0,0,0,0
1574,16776306,1,0,0,0,0,0,0,0
1894,16776306,0,0,0,0,0,0,0,0
1638,16776305,FF,0,0,0,0,0,0,0
1574,16776305,1,0,0,0,0,0,0,0
1894,16776304,0,0,0,0,0,0,0,0
1574,16776304,1,0,0,0,0,0,0,0
1894,16776303,0,0,0,0,0,0,0,0
1574,16776302,1,0,0,0,0,0,0,0
1894,16776302,0,0,0,0,0,0,0,0
1638,16776302,FF,0,0,0,0,0,0,0
1574,16776301,1,0,0,0,0,0,0,0
1894,16776301,0,0,0,0,0,0,0,0
1574,16776300,1,0,0,0,0,0,0,0
1894,16776300,0,0,0,0,0,0,0,0
1574,16776299,1,0,0,0,0,0,0,0
1894,16776299,0,0,0,0,0,0,0,0
1574,16776298,1,0,0,0,0,0,0,0
1638,16776297,FF,0,0,0,0,0,0,0
1894,16776297,0,0,0,0,0,0,0,0
1574,16776297,1,0,0,0,0,0,0,0
1894,16776296,0,0,0,0,0,0,0,0
1574,16776295,1,0,0,0,0,0,0,0
1894,16776295,0,0,0,0,0,0,0,0
1574,16776294,1,0,0,0,0,0,0,0
1894,16776294,0,0,0,0,0,0,0,0
1638,16776294,FF,0,0,0,0,0,0,0
1574,16776293,1,0,0,0,0,0,0,0
1894,16776293,0,0,0,0,0,0,0,0
1574,16776292,1,0,0,0,0,0,0,0
1894,16776292,0,0,0,0,0,0,0,0
1574,16776291,1,0,0,0,0,0,0,0
1894,16776290,0,0,0,0,0,0,0,0
1638,16776290,FF,0,0,0,0,0,0,0
1574,16776289,1,0,0,0,0,0,0,0
1894,16776289,0,0,0,0,0,0,0,0
1574,16776288,1,0,0,0,0,0,0,0
1894,16776288,0,0,0,0,0,0,0,0
1574,16776287,1,0,0,0,0,0,0,0
1894,16776287,0,0,0,0,0,0,0,0
1574,16776286,1,0,0,0,0,0,0,0
1638,16776286,FF,0,0,0,0,0,0,0
1894,16776285,0,0,0,0,0,0,0,0
1574,16776285,1,0,0,0,0,0,0,0
1894,16776284,0,0,0,0,0,0,0,0
1574,16776283,1,0,0,0,0,0,0,0
1894,16776283,0,0,0,0,0,0,0,0
1574,16776282,1,0,0,0,0,0,0,0
1894,16776282,0,0,0,0,0,0,0,0
1638,16776281,FF,0,0,0,0,0,0,0
1574,16776281,1,0,0,0,0,0,0,0
1894,16776281,0,0,0,0,0,0,0,0
1574,16776280,1,0,0,0,0,0,0,0
1894,16776280,0,0,0,0,0,0,0,0
1574,16776279,1,0,0,0,0,0,0,0
1894,16776278,0,0,0,0,0,0,0,0
512,16776278,0,0,0,0,0,0,0,0
513,16776277,0,0,0,0,0,0,0,0
512,16776277,0,0,0,0,0,0,0,0
513,16776277,0,0,0,0,0,0,0,0
512,16776277,0,0,0,0,0,0,0,0
1574,16776277,1,0,0,0,0,0,0,0
1638,16776276,FF,0,0,0,0,0,0,0
1894,16776276,0,0,0,0,0,0,0,0
1574,16776276,1,0,0,0,0,0,0,0
1894,16776276,0,0,0,0,0,0,0,0
1574,16776275,1,0,0,0,0,0,0,0
1894,16776274,0,0,0,0,0,0,0,0
1638,16776273,FF,0,0,0,0,0,0,0
1574,16776273,1,0,0,0,0,0,0,0
1894,16776273,0,0,0,0,0,0,0,0
1574,16776272,1,0,0,0,0,0,0,0
1894,16776272,0,0,0,0,0,0,0,0
1574,16776271,1,0,0,0,0,0,0,0
1894,16776271,0,0,0,0,0,0,0,0
1574,16776270,1,0,0,0,0,0,0,0
1894,16776270,0,0,0,0,0,0,0,0
1382,16776269,0,4D,0,0,0,60,0,0
1126,16776269,0,0,0,0,0,0,0,0
1638,16776269,FF,0,0,0,0,0,0,0
1574,16776269,1,0,0,0,0,0,0,0
1894,16776268,0,0,0,0,0,0,0,0
1574,16776268,1,0,0,0,0,0,0,0
1894,16776267,0,0,0,0,0,0,0,0
1574,16776266,1,0,0,0,0,0,0,0
1894,16776266,0,0,0,0,0,0,0,0
1830,16776266,5,0,0,0,0,0,0,0
1638,16776265,FF,0,0,0,0,0,0,0
1574,16776265,1,0,0,0,0,0,0,0
1894,16776265,0,0,0,0,0,0,0,0
1574,16776264,1,0,0,0,0,0,0,0
1894,16776264,0,0,0,0,0,0,0,0
1574,16776263,1,0,0,0,0,0,0,0
1894,16776262,0,0,0,0,0,0,0,0
1638,16776261,FF,0,0,0,0,0,0,0
1574,16776261,1,0,0,0,0,0,0,0
1894,16776261,0,0,0,0,0,0,0,0
1574,16776260,1,0,0,0,0,0,0,0
1894,16776260,0,0,0,0,0,0,0,0
1574,16776259,1,0,0,0,0,0,0,0
1894,16776259,0,0,0,0,0,0,0,0
1574,16776258,1,0,0,0,0,0,0,0
1894,16776258,0,0,0,0,0,0,0,0
1638,16776257,FF,0,0,0,0,0,0,0
1574,16776257,1,0,0,0,0,0,0,0
1894,16776257,0,0,0,0,0,0,0,0
1574,16776256,1,0,0,0,0,0,0,0
1894,16776255,0,0,0,0,0,0,0,0
1574,16776255,1,0,0,0,0,0,0,0
1894,16776254,0,0,0,0,0,0,0,0
1638,16776253,FF,0,0,0,0,0,0,0
1574,16776253,1,0,0,0,0,0,0,0
1894,16776253,0,0,0,0,0,0,0,0
1574,16776252,1,0,0,0,0,0,0,0
1894,16776252,0,0,0,0,0,0,0,0
1574,16776251,1,0,0,0,0,0,0,0
1894,16776251,0,0,0,0,0,0,0,0
1574,16776250,1,0,0,0,0,0,0,0
1894,16776250,0,0,0,0,0,0,0,0
1638,16776249,FF,0,0,0,0,0,0,0
1574,16776249,1,0,0,0,0,0,0,0
1894,16776248,0,0,0,0,0,0,0,0
1574,16776248,1,0,0,0,0,0,0,0
1894,16776247,0,0,0,0,0,0,0,0
1574,16776246,1,0,0,0,0,0,0,0
1894,16776246,0,0,0,0,0,0,0,0
1638,16776245,FF,0,0,0,0,0,0,0
1574,16776245,1,0,0,0,0,0,0,0
1894,16776245,0,0,0,0,0,0,0,0
1574,16776244,1,4D,0,16,0,0,0,0
1894,16776244,0,0,0,0,0,0,0,0
1574,16776243,1,0,0,0,0,0,0,0
1894,16776242,0,0,0,0,0,0,0,0
1574,16776242,1,0,0,0,0,0,0,0
1894,16776241,0,0,0,0,0,0,0,0
1638,16776241,FF,0,0,0,0,0,0,0
1574,16776240,1,0,0,0,0,0,0,0
1894,16776240,0,0,0,0,0,0,0,0
1574,16776239,1,0,0,0,0,0,0,0
1894,16776239,0,0,0,0,0,0,0,0
1574,16776238,1,0,0,0,0,0,0,0
1894,16776238,0,0,0,0,0,0,0,0
1638,16776237,FF,0,0,0,0,0,0,0
1574,16776237,1,0,0,0,0,0,0,0
1894,16776237,0,0,0,0,0,0,0,0
1574,16776236,1,0,0,0,0,0,0,0
1894,16776235,0,0,0,0,0,0,0,0
1574,16776235,1,0,0,0,0,0,0,0
1894,16776234,0,0,0,0,0,0,0,0
1574,16776233,1,0,0,0,0,0,0,0
1638,16776233,FF,0,0,0,0,0,0,0
1894,16776233,0,0,0,0,0,0,0,0
1574,16776232,1,0,0,0,0,0,0,0
1894,16776232,0,0,0,0,0,0,0,0
1574,16776231,1,0,0,0,0,0,0,0
1894,16776231,0,0,0,0,0,0,0,0
1574,16776230,1,0,0,0,0,0,0,0
1894,16776230,0,0,0,0,0,0,0,0
1638,16776229,FF,0,0,0,0,0,0,0
1574,16776229,1,0,0,0,0,0,0,0
1894,16776228,0,0,0,0,0,0,0,0
1574,16776227,1,0,0,0,0,0,0,0
1894,16776227,0,0,0,0,0,0,0,0
1574,16776226,1,0,0,0,0,0,0,0
1894,16776226,0,0,0,0,0,0,0,0
1638,16776225,FF,0,0,0,0,0,0,0
1574,16776225,1,0,0,0,0,0,0,0
1894,16776225,0,0,0,0,0,0,0,0
1574,16776224,1,0,0,0,0,0,0,0
1894,16776223,0,0,0,0,0,0,0,0
1574,16776223,1,0,0,0,0,0,0,0
1894,16776222,0,0,0,0,0,0,0,0
1574,16776221,1,0,0,0,0,0,0,0
1638,16776221,FF,0,0,0,0,0,0,0
1894,16776221,0,0,0,0,0,0,0,0
1574,16776220,1,0,0,0,0,0,0,0
1894,16776220,0,0,0,0,0,0,0,0
1574,16776219,1,0,0,0,0,0,0,0
1894,16776219,0,0,0,0,0,0,0,0
1574,16776218,1,0,0,0,0,0,0,0
1894,16776218,0,0,0,0,0,0,0,0
1638,16776217,FF,0,0,0,0,0,0,0
1574,16776217,1,0,0,0,0,0,0,0
1894,16776216,0,0,0,0,0,0,0,0
1574,16776216,1,0,0,0,0,0,0,0
1894,16776215,0,0,0,0,0,0,0,0
1574,16776214,1,0,0,0,0,0,0,0
1894,16776214,0,0,0,0,0,0,0,0
1638,16776213,FF,0,0,0,0,0,0,0
1574,16776213,1,0,0,0,0,0,0,0
1894,16776213,0,0,0,0,0,0,0,0
1574,16776212,1,0,0,0,0,0,0,0
1894,16776211,0,0,0,0,0,0,0,0
1574,16776211,1,0,0,0,0,0,0,0
1894,16776210,0,0,0,0,0,0,0,0
1574,16776209,1,0,0,0,0,0,0,0
1894,16776209,0,0,0,0,0,0,0,0
1638,16776209,FF,0,0,0,0,0,0,0
1574,16776208,1,0,0,0,0,0,0,0
1894,16776208,0,0,0,0,0,0,0,0
1574,16776207,1,0,0,0,0,0,0,0
1894,16776207,0,0,0,0,0,0,0,0
1574,16776206,1,0,0,0,0,0,0,0
1894,16776206,0,0,0,0,0,0,0,0
1638,16776205,FF,0,0,0,0,0,0,0
1574,16776205,1,0,0,0,0,0,0,0
1894,16776204,0,0,0,0,0,0,0,0
1574,16776204,1,0,0,0,0,0,0,0
1894,16776203,0,0,0,0,0,0,0,0
1574,16776202,1,0,0,0,0,0,0,0
1894,16776202,0,0,0,0,0,0,0,0
1574,16776201,1,0,0,0,0,0,0,0
1638,16776201,FF,0,0,0,0,0,0,0
1894,16776201,0,0,0,0,0,0,0,0
1574,16776200,1,0,0,0,0,0,0,0
1894,16776200,0,0,0,0,0,0,0,0
1574,16776199,1,0,0,0,0,0,0,0
1894,16776199,0,0,0,0,0,0,0,0
1574,16776198,1,0,0,0,0,0,0,0
1894,16776197,0,0,0,0,0,0,0,0
1638,16776197,FF,0,0,0,0,0,0,0
1574,16776196,1,0,0,0,0,0,0,0
1894,16776196,0,0,0,0,0,0,0,0
1574,16776195,1,0,0,0,0,0,0,0
1894,16776195,0,0,0,0,0,0,0,0
1574,16776194,1,0,0,0,0,0,0,0
1894,16776194,0,0,0,0,0,0,0,0
1638,16776193,FF,0,0,0,0,0,0,0
1574,16776193,1,0,0,0,0,0,0,0
1894,16776192,0,0,0,0,0,0,0,0
1574,16776192,1,0,0,0,0,0,0,0
1894,16776191,0,0,0,0,0,0,0,0
1574,16776190,1,0,0,0,0,0,0,0
1894,16776190,0,0,0,0,0,0,0,0
1574,16776189,1,0,0,0,0,0,0,0
1638,16776189,FF,0,0,0,0,0,0,0
1894,16776189,0,0,0,0,0,0,0,0
1574,16776188,1,0,0,0,0,0,0,0
1894,16776188,0,0,0,0,0,0,0,0
1574,16776187,1,0,0,0,0,0,0,0
1894,16776187,0,0,0,0,0,0,0,0
1574,16776186,1,0,0,0,0,0,0,0
1894,16776185,0,0,0,0,0,0,0,0
1638,16776185,FF,0,0,0,0,0,0,0
1574,16776185,1,0,0,0,0,0,0,0
1894,16750479,0,0,0,0,0,0,0,0
1574,16750478,1,1,76,0,7,7,0,0
1894,16750478,0,0,0,0,0,0,0,0
1638,16750477,FF,0,0,0,0,0,0,0
1574,16750477,1,0,0,0,0,0,1,8F
1894,16750477,0,0,0,0,0,0,0,0
1574,16750476,1,0,0,0,0,0,0,0
1894,16750475,0,0,0,0,0,0,0,0
1574,16750475,1,0,0,0,0,0,0,0
1894,16750474,0,0,0,0,0,0,0,0
1574,16750473,1,0,0,0,0,0,0,0
1638,16750473,FF,0,0,0,0,0,0,0
1894,16750473,0,0,0,0,0,0,0,0
1574,16750472,1,0,0,0,0,0,0,0
1894,16750472,0,0,0,0,0,0,0,0
1574,16750471,1,0,0,0,0,0,0,0
1894,16750471,0,0,0,0,0,0,0,0
1574,16750470,1,1,76,0,7,7,0,0
1894,16750470,0,0,0,0,0,0,0,0
1638,16750469,FF,0,0,0,0,0,0,0
1574,16750469,1,0,0,0,0,0,0,0
1894,16750468,0,0,0,0,0,0,0,0
1574,16750467,1,0,0,0,0,0,0,0
1894,16750467,0,0,0,0,0,0,0,0
1574,16750466,1,0,0,0,0,0,0,0
1894,16750466,0,0,0,0,0,0,0,0
1638,16750465,FF,0,0,0,0,0,0,0
1574,16750465,1,0,0,0,0,0,0,0
1894,16750465,0,0,0,0,0,0,0,0
1574,16750464,1,0,0,0,0,0,0,0
1894,16750464,0,0,0,0,0,0,0,0
1574,16750463,1,0,0,0,0,0,0,0
1894,16750463,0,0,0,0,0,0,0,0
1574,16750462,1,0,0,0,0,0,0,0
1894,16750461,0,0,0,0,0,0,0,0
1638,16750461,FF,0,0,0,0,0,0,0
1574,16750460,1,0,0,0,0,0,0,0
1894,16750460,0,0,0,0,0,0,0,0
1574,16750459,1,0,0,0,0,0,0,0
1894,16750459,0,0,0,0,0,0,0,0
1574,16750458,1,0,0,0,0,0,0,0
1894,16750458,0,0,0,0,0,0,0,0
1638,16750457,FF,0,0,0,0,0,0,0
1574,16750457,1,0,0,0,0,0,0,0
1894,16750457,0,0,0,0,0,0,0,0
1574,16750456,1,0,0,0,0,0,0,0
1894,16750455,0,0,0,0,0,0,0,0
1574,16750454,1,0,0,0,0,0,0,0
1894,16750454,0,0,0,0,0,0,0,0
1574,16750453,1,0,0,0,0,0,0,0
1894,16750453,0,0,0,0,0,0,0,0
1638,16750453,FF,0,0,0,0,0,0,0
1574,16750452,1,0,0,0,0,0,0,0
1894,16750452,0,0,0,0,0,0,0,0
1574,16750451,1,0,0,0,0,0,0,0
1894,16750451,0,0,0,0,0,0,0,0
1574,16750450,1,0,0,0,0,0,0,0
1894,16750449,0,0,0,0,0,0,0,0
1382,16750449,0,4D,0,0,1,8A,0,0
1126,16750449,0,0,0,0,0,0,0,0
1638,16750449,FF,0,0,0,0,0,0,0
1574,16750448,1,0,0,0,0,0,0,0
1894,16750448,0,0,0,0,0,0,0,0
1574,16750447,1,0,0,0,0,0,0,0
1894,16750447,0,0,0,0,0,0,0,0
1574,16750446,1,0,0,0,0,0,0,0
1894,16750446,0,0,0,0,0,0,0,0
1638,16750445,FF,0,0,0,0,0,0,0
1574,16750445,1,0,0,0,0,0,0,0
1894,16750445,0,0,0,0,0,0,0,0
1574,16750444,1,0,0,0,0,0,0,0
1894,16750444,0,0,0,0,0,0,0,0
1574,16750443,1,0,0,0,0,0,0,0
1894,16750442,0,0,0,0,0,0,0,0
1574,16750441,1,0,0,0,0,0,0,0
1894,16750441,0,0,0,0,0,0,0,0
1638,16750441,FF,0,0,0,0,0,0,0
1574,16750440,1,0,0,0,0,0,0,0
1894,16750440,0,0,0,0,0,0,0,0
1574,16750439,1,0,0,0,0,0,0,0
1894,16750439,0,0,0,0,0,0,0,0
1574,16750438,1,0,0,0,0,0,0,0
1894,16750438,0,0,0,0,0,0,0,0
1638,16750437,FF,0,0,0,0,0,0,0
1574,16750437,1,0,0,0,0,0,0,0
1894,16750436,0,0,0,0,0,0,0,0
1574,16750435,1,0,0,0,0,0,0,0
1894,16750435,0,0,0,0,0,0,0,0
1574,16750434,1,0,0,0,0,0,0,0
1894,16750434,0,0,0,0,0,0,0,0
1574,16750433,1,0,0,0,0,0,0,0
1638,16750433,FF,0,0,0,0,0,0,0
1894,16750433,0,0,0,0,0,0,0,0
1574,16750432,1,0,0,0,0,0,0,0
1894,16750432,0,0,0,0,0,0,0,0
1574,16750431,1,0,0,0,0,0,0,0
1894,16750430,0,0,0,0,0,0,0,0
1574,16750430,1,0,0,0,0,0,0,0
1894,16750429,0,0,0,0,0,0,0,0
1638,16750429,FF,0,0,0,0,0,0,0
1574,16750428,1,0,0,0,0,0,0,0
1894,16750428,0,0,0,0,0,0,0,0
1574,16750427,1,0,0,0,0,0,0,0
1894,16750427,0,0,0,0,0,0,0,0
1574,16750426,1,0,0,0,0,0,0,0
1894,16750426,0,0,0,0,0,0,0,0
1830,16750425,5,4D,0,1,1,8A,0,0
1638,16750425,FF,0,0,0,0,0,0,0
1574,16750425,1,0,0,0,0,0,0,0
1894,16750424,0,0,0,0,0,0,0,0
1574,16750423,1,0,0,0,0,0,0,0
1894,16750423,0,0,0,0,0,0,0,0
1574,16750422,1,0,0,0,0,0,0,0
1894,16750422,0,0,0,0,0,0,0,0
1574,16750421,1,0,0,0,0,0,0,0
1894,16750421,0,0,0,0,0,0,0,0
1638,16750421,FF,0,0,0,0,0,0,0
1574,16750420,1,0,0,0,0,0,0,0
1894,16750420,0,0,0,0,0,0,0,0
1574,16750419,1,0,0,0,0,0,0,0
1894,16750418,0,0,0,0,0,0,0,0
1574,16750418,1,0,0,0,0,0,0,0
1894,16750417,0,0,0,0,0,0,0,0
1638,16750417,FF,0,0,0,0,0,0,0
1574,16750416,1,0,0,0,0,0,0,0
1894,16750416,0,0,0,0,0,0,0,0
1574,16750415,1,0,0,0,0,0,0,0
1894,16750415,0,0,0,0,0,0,0,0
1574,16750414,1,0,0,0,0,0,0,0
1894,16750414,0,0,0,0,0,0,0,0
1638,16750413,FF,0,0,0,0,0,0,0
1574,16750413,1,0,0,0,0,0,0,0
1894,16750412,0,0,0,0,0,0,0,0
1574,16750412,1,0,0,0,0,0,0,0
1894,16750411,0,0,0,0,0,0,0,0
1574,16750411,1,0,0,0,0,0,0,0
1894,16750410,0,0,0,0,0,0,0,0
1574,16750409,1,0,0,0,0,0,0,0
1894,16750409,0,0,0,0,0,0,0,0
1638,16750409,FF,0,0,0,0,0,0,0
1574,16750408,1,0,0,0,0,0,0,0
1894,16750408,0,0,0,0,0,0,0,0
1574,16750407,1,0,0,0,0,0,0,0
1574,16750407,2,0,0,0,0,0,0,0
1894,16750406,1,0,0,0,0,0,0,0
1638,16750405,FF,0,0,0,0,0,0,0
512,16750384,0,1,76,0,7,7,0,0
513,16750383,0,0,0,0,0,0,1,90
512,16750383,0,1,76,0,7,7,0,0
513,16750383,0,0,0,0,0,0,1,90
512,16750383,0,1,76,0,7,7,0,0
1382,16750328,0,4D,0,0,1,8A,0,0
1126,16750328,1,0,2,0,0,0,0,0
1830,16750324,5,0,0,0,0,0,0,0
512,16750284,0,1,76,0,7,7,0,0
513,16750283,0,0,0,0,0,0,1,8F
512,16750283,0,1,76,0,7,7,0,0
513,16750283,0,0,0,0,0,0,1,8F
512,16750283,0,1,76,0,7,7,0,0
513,16750282,0,0,0,0,0,0,1,8F
1830,16750224,5,0,0,0,0,0,0,0
1382,16750208,0,4D,0,0,1,8B,0,0
1126,16750207,1,0,2,0,0,0,0,0
512,16750184,0,1,76,0,7,7,0,0
513,16750183,0,0,0,0,0,0,1,8F
512,16750183,0,1,76,0,7,7,0,0
513,16750183,0,0,0,0,0,0,1,8F
512,16750183,0,1,76,0,7,7,0,0
1830,16750123,5,0,0,0,0,0,0,0
1382,16750087,0,4D,0,0,1,8B,0,0
1126,16750087,1,0,2,0,0,0,0,0
512,16750084,0,1,76,0,7,7,0,0
513,16750083,0,0,0,0,0,0,1,91
512,16750083,0,1,76,0,7,7,0,0
513,16750083,0,0,0,0,0,0,1,91
512,16750083,0,1,76,0,7,7,0,0
513,16750083,0,0,0,0,0,0,1,91
1830,16750023,5,0,0,0,0,0,0,0
512,16749984,0,1,76,0,7,7,0,0
513,16749983,0,0,0,0,0,0,1,90
512,16749983,0,1,76,0,7,7,0,0
513,16749983,0,0,0,0,0,0,1,90
512,16749983,0,1,76,0,7,7,0,0
1382,16749966,0,4D,0,0,1,8B,0,0
1126,16749966,1,0,2,0,0,0,0,0
392,16749959,FE,A0,40,1,0,0,0,0
904,16749959,F,C3,10,23,0,1,C0,E0
1160,16749958,34,33,33,33,34,35,5,35
3,16749953,1,0,3,0,0,1,0,3
1830,16749922,5,0,0,0,0,0,0,0
512,16749884,0,1,66,0,7,7,0,0
513,16749884,0,0,0,0,0,0,1,8F
512,16749883,0,1,66,0,7,7,0,0
513,16749883,0,0,0,0,0,0,1,8F
512,16749883,0,1,66,0,7,7,0,0
513,16749883,0,0,0,0,0,0,1,8F
1382,16749846,0,4D,0,0,1,8B,0,0
1126,16749846,1,0,2,0,0,0,0,0
1830,16749822,5,0,0,0,0,0,0,0
512,16749784,0,1,76,0,7,7,0,0
513,16749784,0,0,0,0,0,0,1,8F
512,16749783,0,1,76,0,7,7,0,0
513,16749783,0,0,0,0,0,0,1,8F
512,16749783,0,1,76,0,7,7,0,0
513,16749783,0,0,0,0,0,0,1,8F
1382,16749725,0,4D,0,0,1,8B,0,0
1126,16749725,1,0,2,0,0,0,0,0
1830,16749721,5,0,0,0,0,0,0,0
512,16749684,0,1,76,0,7,7,0,0
513,16749684,0,0,0,0,0,0,1,90
512,16749683,0,1,76,0,7,7,0,0
513,16749683,0,0,0,0,0,0,1,90
512,16749683,0,1,76,0,7,7,0,0
1830,16749621,5,0,0,0,0,0,0,0
1382,16749604,0,4D,0,0,1,8A,0,0
1126,16749604,1,0,2,0,0,0,0,0
512,16749584,0,1,76,0,7,7,0,0
513,16749584,0,0,0,0,0,0,1,90
512,16749583,0,1,76,0,7,7,0,0
513,16749583,0,0,0,0,0,0,1,90
512,16749583,0,1,76,0,7,7,0,0
1830,16749520,5,0,0,0,0,0,0,0
512,16749484,0,1,76,0,7,7,0,0
513,16749484,0,0,0,0,0,0,1,92
512,16749483,0,1,76,0,7,7,0,0
513,16749483,0,0,0,0,0,0,1,92
512,16749483,0,1,76,0,7,7,0,0
513,16749483,0,0,0,0,0,0,1,92
1126,16749482,1,0,2,0,0,0,0,0
1382,16749482,0,4D,0,0,1,8A,0,0
1830,16749420,5,0,0,0,0,0,0,0
1894,16749407,1,0,0,0,0,0,0,0
1638,16749403,FF,0,0,0,0,0,0,0
512,16749384,0,1,76,0,7,7,0,0
513,16749384,0,0,0,0,0,0,1,8F
512,16749383,0,1,76,0,7,7,0,0
513,16749383,0,0,0,0,0,0,1,8F
512,16749383,0,1,76,0,7,7,0,0
513,16749383,0,0,0,0,0,0,1,8F
1382,16749363,0,4D,0,0,1,8A,0,0
1126,16749363,1,0,2,0,0,0,0,0
392,16749331,FE,A0,40,1,0,0,0,0
904,16749330,F,C3,10,23,0,1,C0,E4
1160,16749329,34,33,33,33,34,35,5,35
3,16749324,1,0,3,0,0,1,0,3
1830,16749319,5,0,0,0,0,0,0,0
512,16749284,0,1,76,0,7,7,0,0
513,16749284,0,0,0,0,0,0,1,91
512,16749283,0,1,76,0,7,7,0,0
513,16749283,0,0,0,0,0,0,1,91
512,16749283,0,1,76,0,7,7,0,0
513,16749283,0,0,0,0,0,0,1,91
1382,16749242,0,4D,0,0,1,8A,0,0
1126,16749242,1,0,2,0,0,0,0,0
1830,16749219,5,0,0,0,0,0,0,0
512,16749184,0,1,66,0,7,7,0,0
513,16749184,0,0,0,0,0,0,1,90
512,16749183,0,1,66,0,7,7,0,0
513,16749183,0,0,0,0,0,0,1,90
512,16749183,0,1,66,0,7,7,0,0
1382,16749122,0,4D,0,0,1,8A,0,0
1126,16749122,1,0,2,0,0,0,0,0
1830,16749118,5,0,0,0,0,0,0,0
512,16749084,0,1,76,0,7,7,0,0
513,16749084,0,0,0,0,0,0,1,8F
512,16749083,0,1,76,0,7,7,0,0
513,16749083,0,0,0,0,0,0,1,8F
512,16749083,0,1,76,0,7,7,0,0
513,16749083,0,0,0,0,0,0,1,8F
1830,16749017,5,0,0,0,0,0,0,0
1382,16749001,0,4D,0,0,1,8A,0,0
1126,16749001,1,0,2,0,0,0,0,0
512,16748984,0,1,66,0,7,7,0,0
513,16748984,0,0,0,0,0,0,1,91
512,16748983,0,1,66,0,7,7,0,0
513,16748983,0,0,0,0,0,0,1,91
512,16748983,0,1,66,0,7,7,0,0
513,16748983,0,0,0,0,0,0,1,91
1830,16748917,5,0,0,0,0,0,0,0
512,16748884,0,1,76,0,7,7,0,0
513,16748884,0,0,0,0,0,0,1,90
512,16748883,0,1,76,0,7,7,0,0
513,16748883,0,0,0,0,0,0,1,90
512,16748883,0,1,76,0,7,7,0,0
1382,16748880,0,4D,0,0,1,8A,0,0
1126,16748880,1,0,2,0,0,0,0,0
1830,16748816,5,0,0,0,0,0,0,0
512,16748784,0,1,76,0,7,7,0,0
513,16748784,0,0,0,0,0,0,1,8F
512,16748783,0,1,76,0,7,7,0,0
513,16748783,0,0,0,0,0,0,1,8F
512,16748783,0,1,76,0,7,7,0,0
513,16748783,0,0,0,0,0,0,1,8F
1382,16748760,0,4D,0,1,1,8A,0,0
1126,16748759,1,0,2,0,0,0,0,0
1830,16748716,5,0,0,0,0,0,0,0
392,16748702,FE,A0,40,1,0,0,0,0
904,16748702,F,C3,10,23,0,1,C0,E2
1160,16748701,34,33,33,33,34,35,5,35
3,16748696,1,0,3,0,0,1,0,3
512,16748684,0,1,76,0,7,7,0,0
513,16748684,0,0,0,0,0,0,1,8F
512,16748683,0,1,76,0,7,7,0,0
513,16748683,0,0,0,0,0,0,1,8F
512,16748683,0,1,76,0,7,7,0,0
513,16748683,0,0,0,0,0,0,1,8F
1382,16748639,0,4D,0,0,1,8A,0,0
1126,16748639,1,0,2,0,0,0,0,0
1830,16748615,5,0,0,0,0,0,0,0
512,16748584,0,1,76,0,7,7,0,0
513,16748584,0,0,0,0,0,0,1,8F
512,16748583,0,1,76,0,7,7,0,0
513,16748583,0,0,0,0,0,0,1,8F
512,16748583,0,1,76,0,7,7,0,0
513,16748583,0,0,0,0,0,0,1,8F
1382,16748518,0,4D,0,1,1,8A,0,0
1126,16748518,1,0,2,0,0,0,0,0
1830,16748515,5,0,0,0,0,0,0,0
512,16748484,0,1,76,0,7,7,0,0
513,16748484,0,0,0,0,0,0,1,8F
512,16748483,0,1,76,0,7,7,0,0
513,16748483,0,0,0,0,0,0,1,8F
512,16748483,0,1,76,0,7,7,0,0
1830,16748414,5,0,0,0,0,0,0,0
1894,16748406,1,0,0,0,0,0,0,0
1638,16748402,FF,0,0,0,0,0,0,0
1382,16748398,0,4D,0,1,1,8A,0,0
1126,16748398,1,0,2,0,0,0,0,0
512,16748384,0,1,66,0,7,7,0,0
513,16748384,0,0,0,0,0,0,1,8F
512,16748383,0,1,66,0,7,7,0,0
513,16748383,0,0,0,0,0,0,1,8F
512,16748383,0,1,66,0,7,7,0,0
513,16748383,0,0,0,0,0,0,1,8F
1830,16748313,5,0,0,0,0,0,0,0
512,16748284,0,1,76,0,7,7,0,0
513,16748284,0,0,0,0,0,0,1,90
512,16748283,0,1,76,0,7,7,0,0
513,16748283,0,0,0,0,0,0,1,90
512,16748283,0,1,76,0,7,7,0,0
1382,16748277,0,4D,0,0,1,8A,0,0
1126,16748277,1,0,2,0,0,0,0,0
1830,16748213,5,0,0,0,0,0,0,0
512,16748184,0,1,66,0,7,7,0,0
513,16748184,0,0,0,0,0,0,1,8F
512,16748183,0,1,66,0,7,7,0,0
513,16748183,0,0,0,0,0,0,1,8F
512,16748183,0,1,66,0,7,7,0,0
513,16748183,0,0,0,0,0,0,1,8F
1382,16748156,0,4D,0,0,1,8A,0,0
1126,16748156,1,0,2,0,0,0,0,0
1830,16748112,5,0,0,0,0,0,0,0
512,16748084,0,1,66,0,7,7,0,0
513,16748084,0,0,0,0,0,0,1,90
512,16748083,0,1,66,0,7,7,0,0
513,16748083,0,0,0,0,0,0,1,90
512,16748083,0,1,66,0,7,7,0,0
513,16748083,0,0,0,0,0,0,1,90
392,16748073,FE,A0,40,1,0,0,0,0
904,16748073,F,C3,10,23,0,1,C0,E4
1160,16748072,34,33,33,33,34,35,5,35
3,16748067,1,0,3,0,0,1,0,3
1382,16748036,0,4D,0,0,1,8A,0,0
1126,16748035,1,0,2,0,0,0,0,0
1830,16748012,5,0,0,0,0,0,0,0
512,16747984,0,1,66,0,7,7,0,0
513,16747984,0,0,0,0,0,0,1,8F
512,16747983,0,1,66,0,7,7,0,0
513,16747983,0,0,0,0,0,0,1,8F
512,16747983,0,1,66,0,7,7,0,0
513,16747983,0,0,0,0,0,0,1,8F
1382,16747915,0,4D,0,0,1,8A,0,0
1126,16747915,1,0,2,0,0,0,0,0
1830,16747911,5,0,0,0,0,0,0,0
512,16747884,0,1,76,0,7,7,0,0
513,16747884,0,0,0,0,0,0,1,90
512,16747883,0,1,76,0,7,7,0,0
513,16747883,0,0,0,0,0,0,1,90
512,16747883,0,1,76,0,7,7,0,0
1830,16747811,5,0,0,0,0,0,0,0
1382,16747794,0,4D,0,0,1,8A,0,0
1126,16747794,1,0,2,0,0,0,0,0
512,16747784,0,1,76,0,7,7,0,0
513,16747784,0,0,0,0,0,0,1,90
512,16747783,0,1,76,0,7,7,0,0
513,16747783,0,0,0,0,0,0,1,90
512,16747783,0,1,76,0,7,7,0,0
1830,16747710,5,0,0,0,0,0,0,0
512,16747684,0,1,76,0,7,7,0,0
513,16747684,0,0,0,0,0,0,1,90
512,16747683,0,1,76,0,7,7,0,0
513,16747683,0,0,0,0,0,0,1,90
512,16747683,0,1,76,0,7,7,0,0
1382,16747674,0,4D,0,0,1,8A,0,0
1126,16747674,1,0,2,0,0,0,0,0
1830,16747610,5,0,0,0,0,0,0,0
512,16747584,0,1,76,0,7,7,0,0
513,16747584,0,0,0,0,0,0,1,8F
512,16747583,0,1,76,0,7,7,0,0
513,16747583,0,0,0,0,0,0,1,8F
512,16747583,0,1,76,0,7,7,0,0
513,16747583,0,0,0,0,0,0,1,8F
1382,16747553,0,4D,0,0,1,8A,0,0
1126,16747553,1,0,2,0,0,0,0,0
1830,16747509,5,1,66,0,7,7,0,0
512,16747484,0,1,76,0,7,7,0,0
513,16747484,0,0,0,0,0,0,1,90
512,16747483,0,1,76,0,7,7,0,0
513,16747483,0,0,0,0,0,0,1,90
512,16747483,0,1,76,0,7,7,0,0
392,16747445,FE,A0,40,1,0,0,0,0
904,16747444,F,C3,10,23,0,1,C0,E3
1160,16747443,34,33,33,33,34,35,5,35
3,16747438,1,0,3,0,0,1,0,3
1382,16747432,0,4D,0,0,1,8A,0,0
1126,16747432,1,0,2,0,0,0,0,0
1830,16747409,5,0,0,0,0,0,0,0
1894,16747405,1,0,0,0,0,0,0,0
1638,16747404,FF,0,0,0,0,0,0,0
512,16747384,0,1,76,0,7,7,0,0
513,16747384,0,0,0,0,0,0,1,90
512,16747383,0,1,76,0,7,7,0,0
513,16747383,0,0,0,0,0,0,1,90
512,16747383,0,1,76,0,7,7,0,0
1382,16747312,0,4D,0,0,1,8A,0,0
1126,16747312,1,0,2,0,0,0,0,0
1830,16747308,5,0,0,0,0,0,0,0
512,16747284,0,1,66,0,7,7,0,0
513,16747284,0,0,0,0,0,0,1,90
512,16747283,0,1,66,0,7,7,0,0
513,16747283,0,0,0,0,0,0,1,90
512,16747283,0,1,66,0,7,7,0,0
513,16747283,0,0,0,0,0,0,1,90
1830,16747207,5,0,0,0,0,0,0,0
1382,16747191,0,4D,0,0,1,8A,0,0
1126,16747191,1,0,2,0,0,0,0,0
512,16747184,0,1,66,0,7,7,0,0
513,16747184,0,0,0,0,0,0,1,8F
512,16747183,0,1,66,0,7,7,0,0
513,16747183,0,0,0,0,0,0,1,8F
512,16747183,0,1,66,0,7,7,0,0
513,16747183,0,0,0,0,0,0,1,8F
1830,16747107,5,0,0,0,0,0,0,0
512,16747084,0,1,76,0,7,7,0,0
513,16747084,0,0,0,0,0,0,1,90
512,16747083,0,1,76,0,7,7,0,0
513,16747083,0,0,0,0,0,0,1,90
512,16747083,0,1,76,0,7,7,0,0
1382,16747070,0,4D,0,0,1,8A,0,0
1126,16747070,1,0,2,0,0,0,0,0
1830,16747006,5,0,0,0,0,0,0,0
512,16746984,0,1,66,0,7,7,0,0
513,16746984,0,0,0,0,0,0,1,90
512,16746983,0,1,66,0,7,7,0,0
513,16746983,0,0,0,0,0,0,1,90
512,16746983,0,1,66,0,7,7,0,0
513,16746983,0,0,0,0,0,0,1,90
1382,16746950,0,4D,0,0,1,8A,0,0
1126,16746950,1,0,2,0,0,0,0,0
1830,16746906,5,0,0,0,0,0,0,0
512,16746884,0,1,76,0,7,7,0,0
513,16746884,0,0,0,0,0,0,1,90
512,16746883,0,1,76,0,7,7,0,0
513,16746883,0,0,0,0,0,0,1,90
512,16746883,0,1,76,0,7,7,0,0
1382,16746829,0,4D,0,0,1,8A,0,0
1126,16746829,1,0,2,0,0,0,0,0
392,16746816,FE,A0,40,1,0,0,0,0
904,16746816,F,C3,10,23,0,1,C0,E3
1160,16746815,34,33,33,33,34,35,5,35
3,16746810,1,0,3,0,0,1,0,3
1830,16746805,5,0,0,0,0,0,0,0
512,16746784,0,1,76,0,7,7,0,0
513,16746784,0,0,0,0,0,0,1,8F
512,16746783,0,1,76,0,7,7,0,0
513,16746783,0,0,0,0,0,0,1,8F
512,16746783,0,1,76,0,7,7,0,0
1382,16746708,0,4D,0,0,1,8A,0,0
1126,16746708,1,0,2,0,0,0,0,0
1830,16746705,5,0,0,0,0,0,0,0
512,16746684,0,1,76,0,7,7,0,0
513,16746684,0,0,0,0,0,0,1,8F
512,16746683,0,1,76,0,7,7,0,0
513,16746683,0,0,0,0,0,0,1,8F
512,16746683,0,1,76,0,7,7,0,0
1830,16746604,5,0,0,0,0,0,0,0
1382,16746588,0,4D,0,0,1,8A,0,0
1126,16746588,1,0,2,0,0,0,0,0
512,16746584,0,1,76,0,7,7,0,0
513,16746584,0,0,0,0,0,0,1,8F
512,16746583,0,1,76,0,7,7,0,0
513,16746583,0,0,0,0,0,0,1,8F
512,16746583,0,1,76,0,7,7,0,0
513,16746583,0,0,0,0,0,0,1,8F
1830,16746504,5,0,0,0,0,0,0,0
512,16746484,0,1,66,0,7,7,0,0
513,16746484,0,0,0,0,0,0,1,8F
512,16746483,0,1,66,0,7,7,0,0
513,16746483,0,0,0,0,0,0,1,8F
512,16746483,0,1,66,0,7,7,0,0
513,16746483,0,0,0,0,0,0,1,8F
1382,16746467,0,4D,0,0,1,8A,0,0
1126,16746467,1,0,2,0,0,0,0,0
1894,16746404,1,0,0,0,0,0,0,0
1830,16746403,5,0,0,0,0,0,0,0
1638,16746403,FF,0,0,0,0,0,0,0
512,16746384,0,1,76,0,7,7,0,0
513,16746384,0,0,0,0,0,0,1,91
512,16746384,0,1,76,0,7,7,0,0
513,16746383,0,0,0,0,0,0,1,91
512,16746383,0,1,76,0,7,7,0,0
513,16746383,0,0,0,0,0,0,1,91
1382,16746346,0,4D,0,0,1,8A,0,0
1126,16746346,1,0,2,0,0,0,0,0
1830,16746302,5,0,0,0,0,0,0,0
512,16746284,0,1,76,0,7,7,0,0
513,16746284,0,0,0,0,0,0,1,90
512,16746284,0,1,76,0,7,7,0,0
513,16746283,0,0,0,0,0,0,1,90
512,16746283,0,1,76,0,7,7,0,0
1382,16746226,0,4D,0,0,1,8A,0,0
1126,16746226,1,0,2,0,0,0,0,0
1830,16746202,5,0,0,0,0,0,0,0
392,16746187,FE,A0,40,1,0,0,0,0
904,16746187,F,C3,10,23,0,1,C0,E1
1160,16746186,34,33,33,33,34,35,5,35
512,16746184,0,1,66,0,7,7,0,0
513,16746184,0,0,0,0,0,0,1,8F
512,16746184,0,1,66,0,7,7,0,0
513,16746183,0,0,0,0,0,0,1,8F
512,16746183,0,1,66,0,7,7,0,0
513,16746183,0,0,0,0,0,0,1,8F
3,16746181,1,0,3,0,0,1,0,3
1382,16746105,0,4D,0,0,1,8A,0,0
1126,16746105,1,0,2,0,0,0,0,0
1830,16746101,5,0,0,0,0,0,0,0
512,16746084,0,1,66,0,7,7,0,0
513,16746084,0,0,0,0,0,0,1,8F
512,16746084,0,1,66,0,7,7,0,0
513,16746083,0,0,0,0,0,0,1,8F
512,16746083,0,1,66,0,7,7,0,0
513,16746083,0,0,0,0,0,0,1,8F
1830,16746001,5,0,0,0,0,0,0,0
1382,16745985,0,4D,0,0,1,8A,0,0
1126,16745984,1,0,2,0,0,0,0,0
512,16745984,0,1,76,0,7,7,0,0
513,16745984,0,0,0,0,0,0,1,91
512,16745984,0,1,76,0,7,7,0,0
513,16745983,0,0,0,0,0,0,1,91
512,16745983,0,1,76,0,7,7,0,0
1830,16745900,5,0,0,0,0,0,0,0
512,16745884,0,1,66,0,7,7,0,0
513,16745884,0,0,0,0,0,0,1,90
512,16745884,0,1,66,0,7,7,0,0
513,16745883,0,0,0,0,0,0,1,90
512,16745883,0,1,66,0,7,7,0,0
513,16745883,0,0,0,0,0,0,1,90
1382,16745864,0,4D,0,1,1,8A,0,0
1126,16745864,1,0,2,0,0,0,0,0
1830,16745800,5,0,0,0,0,0,0,0
512,16745784,0,1,76,0,7,7,0,0
513,16745784,0,0,0,0,0,0,1,90
512,16745784,0,1,76,0,7,7,0,0
513,16745783,0,0,0,0,0,0,1,90
512,16745783,0,1,76,0,7,7,0,0
1382,16745743,0,4D,0,0,1,8A,0,0
1126,16745743,1,0,2,0,0,0,0,0
1830,16745699,5,0,0,0,0,0,0,0
512,16745684,0,1,66,0,7,7,0,0
513,16745684,0,0,0,0,0,0,1,90
512,16745684,0,1,66,0,7,7,0,0
513,16745683,0,0,0,0,0,0,1,90
512,16745683,0,1,66,0,7,7,0,0
1382,16745623,0,4D,0,0,1,8A,0,0
1126,16745622,1,0,2,0,0,0,0,0
1830,16745599,5,0,0,0,0,0,0,0
512,16745584,0,1,76,0,7,7,0,0
513,16745584,0,0,0,0,0,0,1,8F
512,16745584,0,1,76,0,7,7,0,0
513,16745583,0,0,0,0,0,0,1,8F
512,16745583,0,1,76,0,7,7,0,0
392,16745559,FE,A0,40,1,0,0,0,0
904,16745559,F,C3,10,23,0,1,C0,E4
1160,16745558,34,33,33,33,34,35,5,35
3,16745552,1,0,3,0,0,1,0,3
1382,16745502,0,4D,0,0,1,8A,0,0
1126,16745502,1,0,2,0,0,0,0,0
1830,16745498,5,0,0,0,0,0,0,0
512,16745484,0,1,66,0,7,7,0,0
513,16745484,0,0,0,0,0,0,1,8F
512,16745484,0,1,66,0,7,7,0,0
513,16745483,0,0,0,0,0,0,1,8F
512,16745483,0,1,66,0,7,7,0,0
513,16745483,0,0,0,0,0,0,1,8F
1894,16745403,1,0,0,0,0,0,0,0
1638,16745401,FF,0,0,0,0,0,0,0
1830,16745398,5,0,0,0,0,0,0,0
512,16745384,0,1,66,0,7,7,0,0
513,16745384,0,0,0,0,0,0,1,8E
512,16745384,0,1,66,0,7,7,0,0
513,16745383,0,0,0,0,0,0,1,8E
512,16745383,0,1,66,0,7,7,0,0
513,16745383,0,0,0,0,0,0,1,8E
1382,16745381,0,4D,0,0,1,8A,0,0
1126,16745381,1,0,2,0,0,0,0,0
1830,16745297,5,0,0,0,0,0,1,8F
512,16745284,0,1,76,0,7,7,0,0
513,16745284,0,0,0,0,0,0,1,91
512,16745284,0,1,76,0,7,7,0,0
513,16745283,0,0,0,0,0,0,1,91
512,16745283,0,1,76,0,7,7,0,0
513,16745283,0,0,0,0,0,0,1,91
1382,16745261,0,4D,0,0,1,8A,0,0
1126,16745260,1,0,2,0,0,0,0,0
1830,16745196,5,0,0,0,0,0,0,0
512,16745184,0,1,66,0,7,7,0,0
513,16745184,0,0,0,0,0,0,1,91
512,16745184,0,1,66,0,7,7,0,0
513,16745183,0,0,0,0,0,0,1,91
512,16745183,0,1,66,0,7,7,0,0
513,16745183,0,0,0,0,0,0,1,91
1382,16745140,0,4D,0,0,1,8A,0,0
1126,16745139,1,0,2,0,0,0,0,0
1830,16745096,5,0,0,0,0,0,0,0
512,16745084,0,1,76,0,7,7,0,0
513,16745084,0,0,0,0,0,0,1,8F
512,16745084,0,1,76,0,7,7,0,0
513,16745083,0,0,0,0,0,0,1,8F
512,16745083,0,1,76,0,7,7,0,0
513,16745083,0,0,0,0,0,0,1,8F
1382,16745019,0,4D,0,0,1,8A,0,0
1126,16745019,1,0,2,0,0,0,0,0
1830,16744995,5,0,0,0,0,0,0,0
512,16744984,0,1,66,0,7,7,0,0
513,16744984,0,0,0,0,0,0,1,8F
512,16744984,0,1,66,0,7,7,0,0
513,16744983,0,0,0,0,0,0,1,8F
512,16744983,0,1,66,0,7,7,0,0
392,16744930,FE,A0,40,1,0,0,0,0
904,16744930,F,C3,10,23,0,1,C0,E1
1160,16744929,34,33,33,33,34,35,5,35
3,16744924,1,0,3,0,0,1,0,3
1382,16744899,0,4D,0,0,1,8A,0,0
1126,16744898,1,0,2,0,0,0,0,0
1830,16744895,5,0,0,0,0,0,0,0
512,16744884,0,1,76,0,7,7,0,0
513,16744884,0,0,0,0,0,0,1,8F
512,16744884,0,1,76,0,7,7,0,0
513,16744883,0,0,0,0,0,0,1,8F
512,16744883,0,1,76,0,7,7,0,0
1830,16744794,5,0,0,0,0,0,0,0
512,16744784,0,1,76,0,7,7,0,0
513,16744784,0,0,0,0,0,0,1,91
512,16744784,0,1,76,0,7,7,0,0
513,16744783,0,0,0,0,0,0,1,91
512,16744783,0,1,76,0,7,7,0,0
513,16744783,0,0,0,0,0,0,1,91
1382,16744778,0,4D,0,0,1,8A,0,0
1126,16744778,1,0,2,0,0,0,0,0
1830,16744694,5,0,0,0,0,0,0,0
512,16744684,0,1,66,0,7,7,0,0
513,16744684,0,0,0,0,0,0,1,8F
512,16744684,0,1,66,0,7,7,0,0
513,16744683,0,0,0,0,0,0,1,8F
512,16744683,0,1,66,0,7,7,0,0
513,16744683,0,0,0,0,0,0,1,8F
1382,16744657,0,4D,0,0,1,8A,0,0
1126,16744657,1,0,2,0,0,0,0,0
1830,16744593,5,0,0,0,0,0,0,0
512,16744584,0,1,76,0,7,7,0,0
513,16744584,0,0,0,0,0,0,1,90
512,16744584,0,1,76,0,7,7,0,0
513,16744583,0,0,0,0,0,0,1,90
512,16744583,0,1,76,0,7,7,0,0
1382,16744537,0,4D,0,0,1,8A,0,0
1126,16744536,1,0,2,0,0,0,0,0
1830,16744493,5,0,0,0,0,0,0,0
512,16744484,0,1,76,0,7,7,0,0
513,16744484,0,0,0,0,0,0,1,8F
512,16744484,0,1,76,0,7,7,0,0
513,16744483,0,0,0,0,0,0,1,8F
512,16744483,0,1,76,0,7,7,0,0
1382,16744416,0,4D,0,0,1,8A,0,0
1126,16744416,1,0,2,0,0,0,0,0
1894,16744402,1,0,0,0,0,0,0,0
1638,16744400,FF,0,0,0,0,0,0,0
1830,16744392,5,0,0,0,0,0,0,0
512,16744384,0,1,76,0,7,7,0,0
513,16744384,0,0,0,0,0,0,1,8F
512,16744384,0,1,76,0,7,7,0,0
513,16744383,0,0,0,0,0,0,1,8F
512,16744383,0,1,76,0,7,7,0,0
513,16744383,0,0,0,0,0,0,1,8F
392,16744302,FE,A0,40,1,0,0,0,0
904,16744301,F,C3,10,23,0,1,C0,E3
1160,16744300,34,33,33,33,34,35,5,35
3,16744295,1,0,3,0,0,1,0,3
1126,16744295,1,0,2,0,0,0,0,0
1382,16744295,0,4D,0,0,1,8A,0,0
1830,16744291,5,0,0,0,0,0,0,0
512,16744284,0,1,76,0,7,7,0,0
513,16744284,0,0,0,0,0,0,1,90
512,16744284,0,1,76,0,7,7,0,0
513,16744283,0,0,0,0,0,0,1,90
512,16744283,0,1,76,0,7,7,0,0
1830,16744191,5,0,0,0,0,0,0,0
512,16744184,0,1,66,0,7,7,0,0
513,16744184,0,0,0,0,0,0,1,90
512,16744184,0,1,66,0,7,7,0,0
513,16744183,0,0,0,0,0,0,1,90
512,16744183,0,1,66,0,7,7,0,0
1382,16744175,0,4D,0,0,1,8A,0,0
1126,16744174,1,0,2,0,0,0,0,0
1830,16744090,5,0,0,0,0,0,0,0
512,16744084,0,1,76,0,7,7,0,0
513,16744084,0,0,0,0,0,0,1,8F
512,16744084,0,1,76,0,7,7,0,0
513,16744083,0,0,0,0,0,0,1,8F
512,16744083,0,1,76,0,7,7,0,0
1382,16744054,0,4D,0,0,1,8A,0,0
1126,16744054,1,0,2,0,0,0,0,0
1830,16743990,5,0,0,0,0,0,0,0
512,16743984,0,1,66,0,7,7,0,0
513,16743984,0,0,0,0,0,0,1,91
512,16743984,0,1,66,0,7,7,0,0
513,16743983,0,0,0,0,0,0,1,91
512,16743983,0,1,66,0,7,7,0,0
513,16743983,0,0,0,0,0,0,1,91
1382,16743933,0,4D,0,0,1,8A,0,0
1126,16743933,1,0,2,0,0,0,0,0
1830,16743889,5,0,0,0,0,0,0,0
512,16743884,0,1,66,0,7,7,0,0
513,16743884,0,0,0,0,0,0,1,8E
512,16743884,0,1,66,0,7,7,0,0
513,16743883,0,0,0,0,0,0,1,8E
512,16743883,0,1,66,0,7,7,0,0
513,16743883,0,0,0,0,0,0,1,8E
1382,16743813,0,4D,0,0,1,8B,0,0
1126,16743812,1,0,2,0,0,0,0,0
1830,16743789,5,0,0,0,0,0,0,0
512,16743784,0,1,76,0,7,7,0,0
513,16743784,0,0,0,0,0,0,1,91
512,16743784,0,1,76,0,7,7,0,0
513,16743783,0,0,0,0,0,0,1,91
512,16743783,0,1,76,0,7,7,0,0
513,16743783,0,0,0,0,0,0,1,91
1382,16743692,0,4D,0,1,1,8B,0,0
1126,16743692,1,0,2,0,0,0,0,0
1830,16743688,5,0,0,0,0,0,0,0
512,16743684,0,1,76,0,7,7,0,0
513,16743684,0,0,0,0,0,0,1,90
512,16743684,0,1,76,0,7,7,0,0
513,16743683,0,0,0,0,0,0,1,90
512,16743683,0,1,76,0,7,7,0,0
392,16743673,FE,A0,40,1,0,0,0,0
904,16743673,F,C3,10,23,0,1,C0,E3
1160,16743672,34,33,33,33,34,35,5,35
3,16743667,1,0,3,0,0,1,0,3
1830,16743588,5,0,0,0,0,0,0,0
512,16743584,0,1,66,0,7,7,0,0
513,16743584,0,0,0,0,0,0,1,91
512,16743584,0,1,66,0,7,7,0,0
513,16743583,0,0,0,0,0,0,1,91
512,16743583,0,1,66,0,7,7,0,0
513,16743583,0,0,0,0,0,0,1,91
1382,16743571,0,4D,0,0,1,8B,0,0
1126,16743571,1,0,2,0,0,0,0,0
1830,16743487,5,0,0,0,0,0,0,0
512,16743484,0,1,76,0,7,7,0,0
513,16743484,0,0,0,0,0,0,1,90
512,16743484,0,1,76,0,7,7,0,0
513,16743483,0,0,0,0,0,0,1,90
512,16743483,0,1,76,0,7,7,0,0
1382,16743451,0,4D,0,0,1,8B,0,0
1126,16743450,1,0,2,0,0,0,0,0
1894,16743401,1,0,0,0,0,0,0,0
1638,16743398,FF,0,0,0,0,0,0,0
1830,16743386,5,0,0,0,0,0,0,0
512,16743384,0,1,76,0,7,7,0,0
513,16743384,0,0,0,0,0,0,1,8E
512,16743384,0,1,76,0,7,7,0,0
513,16743383,0,0,0,0,0,0,1,8E
512,16743383,0,1,76,0,7,7,0,0
513,16743383,0,0,0,0,0,0,1,8E
1382,16743330,0,4D,0,0,1,8B,0,0
1126,16743330,1,0,2,0,0,0,0,0
1830,16743286,5,0,0,0,0,0,0,0
512,16743284,0,1,66,0,7,7,0,0
513,16743284,0,0,0,0,0,0,1,8F
512,16743284,0,1,66,0,7,7,0,0
513,16743283,0,0,0,0,0,0,1,8F
512,16743283,0,1,66,0,7,7,0,0
513,16743283,0,0,0,0,0,0,1,8F
1382,16743209,0,4D,0,1,1,8A,0,0
1126,16743209,1,0,2,0,0,0,0,0
1830,16743185,5,0,0,0,0,0,0,0
512,16743184,0,1,76,0,7,7,0,0
513,16743184,0,0,0,0,0,0,1,8F
512,16743184,0,1,76,0,7,7,0,0
513,16743183,0,0,0,0,0,0,1,8F
512,16743183,0,1,76,0,7,7,0,0
1382,16743089,0,4D,0,0,1,8A,0,0
1126,16743088,1,0,2,0,0,0,0,0
1830,16743085,5,0,0,0,0,0,0,0
512,16743084,0,1,76,0,7,7,0,0
513,16743084,0,0,0,0,0,0,1,90
512,16743084,0,1,76,0,7,7,0,0
513,16743083,0,0,0,0,0,0,1,90
512,16743083,0,1,76,0,7,7,0,0
392,16743044,FE,A0,40,1,0,0,0,0
904,16743044,F,C3,10,23,0,1,C0,E3
1160,16743043,34,33,33,33,34,35,5,35
3,16743038,1,0,3,0,0,1,0,3
512,16742984,0,1,76,0,7,7,0,0
513,16742984,0,0,0,0,0,0,1,90
512,16742984,0,1,76,0,7,7,0,0
513,16742984,0,0,0,0,0,0,1,90
512,16742983,0,1,76,0,7,7,0,0
1830,16742983,5,0,0,0,0,0,0,0
1382,16742968,0,4D,0,0,1,8A,0,0
1126,16742968,1,0,2,0,0,0,0,0
512,16742884,0,1,66,0,7,7,0,0
513,16742884,0,0,0,0,0,0,1,90
512,16742884,0,1,66,0,7,7,0,0
513,16742884,0,0,0,0,0,0,1,90
512,16742883,0,1,66,0,7,7,0,0
1830,16742883,5,0,0,0,0,0,1,8F
1382,16742847,0,4D,0,0,1,8A,0,0
1126,16742847,1,0,2,0,0,0,0,0
512,16742784,0,1,66,0,7,7,0,0
513,16742784,0,0,0,0,0,0,1,91
512,16742784,0,1,66,0,7,7,0,0
513,16742784,0,0,0,0,0,0,1,91
512,16742783,0,1,66,0,7,7,0,0
513,16742783,0,0,0,0,0,0,1,91
1830,16742783,5,0,0,0,0,0,0,0
1382,16742727,0,4D,0,0,1,8A,0,0
1126,16742726,1,0,2,0,0,0,0,0
512,16742684,0,1,76,0,7,7,0,0
513,16742684,0,0,0,0,0,0,1,90
512,16742684,0,1,76,0,7,7,0,0
513,16742684,0,0,0,0,0,0,1,90
512,16742683,0,1,76,0,7,7,0,0
1830,16742682,5,0,0,0,0,0,0,0
1382,16742606,0,4D,0,0,1,8A,0,0
1126,16742606,1,0,2,0,0,0,0,0
512,16742584,0,1,76,0,7,7,0,0
513,16742584,0,0,0,0,0,0,1,91
512,16742584,0,1,76,0,7,7,0,0
513,16742584,0,0,0,0,0,0,1,91
512,16742583,0,1,76,0,7,7,0,0
513,16742583,0,0,0,0,0,0,1,91
1830,16742582,5,0,0,0,0,0,0,0
1382,16742485,0,4D,0,0,1,8A,0,0
1126,16742485,1,0,2,0,0,0,0,0
512,16742484,0,1,66,0,7,7,0,0
513,16742484,0,0,0,0,0,0,1,8F
512,16742484,0,1,66,0,7,7,0,0
513,16742484,0,0,0,0,0,0,1,8F
512,16742483,0,1,66,0,7,7,0,0
513,16742483,0,0,0,0,0,0,1,8F
1830,16742481,5,0,0,0,0,0,0,0
392,16742416,FE,A0,40,1,0,0,0,0
904,16742416,F,C3,10,23,0,1,C0,E1
1160,16742414,34,33,33,33,34,35,5,35
3,16742409,1,0,3,0,0,1,0,3
1894,16742401,1,0,0,0,0,0,0,0
1638,16742397,FF,0,0,0,0,0,0,0
512,16742384,0,1,76,0,7,7,0,0
513,16742384,0,0,0,0,0,0,1,8F
512,16742384,0,1,76,0,7,7,0,0
513,16742384,0,0,0,0,0,0,1,8F
512,16742383,0,1,76,0,7,7,0,0
513,16742383,0,0,0,0,0,0,1,8F
1830,16742381,5,0,0,0,0,0,0,0
1382,16742365,0,4D,0,0,1,8A,0,0
1126,16742364,1,0,2,0,0,0,0,0
512,16742284,0,1,66,0,7,7,0,0
513,16742284,0,0,0,0,0,0,1,8F
512,16742284,0,1,66,0,7,7,0,0
513,16742284,0,0,0,0,0,0,1,8F
512,16742283,0,1,66,0,7,7,0,0
513,16742283,0,0,0,0,0,0,1,8F
1830,16742280,5,0,0,0,0,0,0,0
1382,16742244,0,4D,0,1,1,8A,0,0
1126,16742244,1,0,2,0,0,0,0,0
512,16742184,0,1,76,0,7,7,0,0
513,16742184,0,0,0,0,0,0,1,8F
512,16742184,0,1,76,0,7,7,0,0
513,16742184,0,0,0,0,0,0,1,8F
512,16742183,0,1,76,0,7,7,0,0
1830,16742180,5,0,0,0,0,0,0,0
1382,16742123,0,4D,0,1,1,8B,0,0
1126,16742123,1,0,2,0,0,0,0,0
512,16742084,0,1,76,0,7,7,0,0
513,16742084,0,0,0,0,0,0,1,90
512,16742084,0,1,76,0,7,7,0,0
513,16742084,0,0,0,0,0,0,1,90
512,16742083,0,1,76,0,7,7,0,0
1830,16742079,5,0,0,0,0,0,0,0
1382,16742002,0,4D,0,0,1,8B,0,0
1126,16742002,1,0,2,0,0,0,0,0
512,16741984,0,1,66,0,7,7,0,0
513,16741984,0,0,0,0,0,0,1,90
512,16741984,0,1,66,0,7,7,0,0
513,16741984,0,0,0,0,0,0,1,90
512,16741983,0,1,66,0,7,7,0,0
513,16741983,0,0,0,0,0,0,1,90
1830,16741979,5,0,0,0,0,0,0,0
512,16741884,0,1,76,0,7,7,0,0
513,16741884,0,0,0,0,0,0,1,90
512,16741884,0,1,76,0,7,7,0,0
513,16741884,0,0,0,0,0,0,1,90
512,16741883,0,1,76,0,7,7,0,0
1382,16741882,0,4D,0,0,1,8B,0,0
1126,16741882,1,0,2,0,0,0,0,0
1830,16741878,5,0,0,0,0,0,0,0
392,16741787,FE,A0,40,1,0,0,0,0
904,16741787,F,C3,10,23,0,1,C0,E3
1160,16741786,34,33,33,33,34,35,5,35
512,16741784,0,1,66,0,7,7,0,0
513,16741784,0,0,0,0,0,0,1,91
512,16741784,0,1,66,0,7,7,0,0
513,16741784,0,0,0,0,0,0,1,91
512,16741783,0,1,66,0,7,7,0,0
513,16741783,0,0,0,0,0,0,1,91
3,16741781,1,0,3,0,0,1,0,3
1830,16741778,5,0,0,0,0,0,0,0
1382,16741761,0,4D,0,2,1,8B,0,0
1126,16741761,1,0,2,0,0,0,0,0
512,16741684,0,1,76,0,7,7,0,0
513,16741684,0,0,0,0,0,0,1,90
512,16741684,0,1,76,0,7,7,0,0
513,16741684,0,0,0,0,0,0,1,90
512,16741683,0,1,76,0,7,7,0,0
1830,16741677,5,0,0,0,0,0,0,0
1382,16741641,0,4D,0,0,1,8C,0,0
1126,16741640,1,0,2,0,0,0,0,0
512,16741584,0,1,66,0,7,7,0,0
513,16741584,0,0,0,0,0,0,1,91
512,16741584,0,1,66,0,7,7,0,0
513,16741584,0,0,0,0,0,0,1,91
512,16741583,0,1,66,0,7,7,0,0
513,16741583,0,0,0,0,0,0,1,91
1830,16741576,5,0,0,0,0,0,0,0
1382,16741520,0,4D,0,1,1,8C,0,0
1126,16741520,1,0,2,0,0,0,0,0
512,16741484,0,1,66,0,7,7,0,0
513,16741484,0,0,0,0,0,0,1,8F
512,16741484,0,1,66,0,7,7,0,0
513,16741484,0,0,0,0,0,0,1,8F
512,16741483,0,1,66,0,7,7,0,0
513,16741483,0,0,0,0,0,0,1,8F
1830,16741476,5,0,0,0,0,0,0,0
1894,16741400,1,0,0,0,0,0,0,0
1382,16741399,0,4D,0,0,1,8B,0,0
1126,16741399,1,0,2,0,0,0,0,0
1638,16741399,FF,0,0,0,0,0,0,0
1574,16741398,5,0,0,0,0,0,0,0
512,16741384,0,1,76,0,7,7,0,0
513,16741384,0,0,0,0,0,0,1,8F
512,16741384,0,1,76,0,7,7,0,0
513,16741383,0,0,0,0,0,0,1,8F
512,16741383,0,1,76,0,7,7,0,0
513,16741383,0,0,0,0,0,0,1,8F
1830,16741375,5,0,0,0,0,0,0,0
512,16741284,0,1,76,0,7,7,0,0
513,16741284,0,0,0,0,0,0,1,90
512,16741284,0,1,76,0,7,7,0,0
513,16741283,0,0,0,0,0,0,1,90
512,16741283,0,1,76,0,7,7,0,0
1382,16741278,0,4D,0,0,1,8B,0,0
1126,16741278,1,0,2,0,0,0,0,0
1830,16741274,5,0,0,0,0,0,0,0
512,16741184,0,1,76,0,7,7,0,0
513,16741184,0,0,0,0,0,0,1,90
512,16741184,0,1,76,0,7,7,0,0
513,16741183,0,0,0,0,0,0,1,90
512,16741183,0,1,76,0,7,7,0,0
1830,16741174,5,0,0,0,0,0,0,0
392,16741158,FE,A0,40,1,0,0,0,0
904,16741158,F,C3,10,23,0,1,C0,E2
1382,16741158,0,4D,0,0,1,8C,0,0
1126,16741157,1,0,2,0,0,0,0,0
1160,16741157,34,33,33,33,34,35,5,35
3,16741152,1,0,3,0,0,1,0,3
512,16741084,0,1,76,0,7,7,0,0
513,16741084,0,0,0,0,0,0,1,8F
512,16741084,0,1,76,0,7,7,0,0
513,16741083,0,0,0,0,0,0,1,8F
512,16741083,0,1,76,0,7,7,0,0
1830,16741073,5,0,0,0,0,0,0,0
1382,16741037,0,4D,0,0,1,8C,0,0
1126,16741037,1,0,2,0,0,0,0,0
512,16740984,0,1,66,0,7,7,0,0
513,16740984,0,0,0,0,0,0,1,8F
512,16740984,0,1,66,0,7,7,0,0
513,16740983,0,0,0,0,0,0,1,8F
512,16740983,0,1,66,0,7,7,0,0
513,16740983,0,0,0,0,0,0,1,8F
1830,16740973,5,0,0,0,0,0,0,0
1382,16740916,0,4D,0,0,1,8C,0,0
1126,16740916,1,0,2,0,0,0,0,0
512,16740884,0,1,66,0,7,7,0,0
513,16740884,0,0,0,0,0,0,1,90
512,16740884,0,1,66,0,7,7,0,0
513,16740883,0,0,0,0,0,0,1,90
512,16740883,0,1,66,0,7,7,0,0
1830,16740872,5,0,0,0,0,0,0,0
1382,16740795,0,4D,0,1,1,8C,0,0
1126,16740795,1,0,2,0,0,0,0,0
512,16740784,0,1,76,0,7,7,0,0
513,16740784,0,0,0,0,0,0,1,8F
512,16740784,0,1,76,0,7,7,0,0
513,16740783,0,0,0,0,0,0,1,8F
512,16740783,0,1,76,0,7,7,0,0
1830,16740772,5,0,0,0,0,0,0,0
512,16740684,0,1,66,0,7,7,0,0
513,16740684,0,0,0,0,0,0,1,90
512,16740683,0,1,66,0,7,7,0,0
513,16740683,0,0,0,0,0,0,1,90
512,16740683,0,1,66,0,7,7,0,0
291,16747215,0,0,10,7,17,E,2F,2F
